Workbook

Sheet Metrics (Charts & KPIs)
A24: =COUNTA(Working_Data!A2:A1000) -> 120 | E24: =COUNTIF(Working_Data!U2:U1000,"Active") -> 87 | I24: Insight 1: Attrition in 2024 is primarily driven by employees with shorter tenure, indicating early stage retention.
I25: Insight 2: Engineering & mid level roles show comparatively higher exits, suggesting targeted retention & workload review opportunities.

Sheet Pivot Tables
A2: Joiners Trend for 2024 | D2: Monthly Exit Trend for 2024 | G2: Joiners vs Exits for 2024 (Stacked Bar chart) | M2: Headcount by Function & Level
A16: Helper pivot for Attrition Rate
A17: Exits in 2024 | G17: Attrition Insights - Exits by Function (2024) & Top 3 Functions with Most Exits (2024 only) | J17: Exits by Level (2024) | M17: Exits by Tenure Bracket (2024) | Q17: Exits by Level Group
A20: Attrition Rate Trend for 2024
A21: =(B18/120) -> 0.075

Sheet Working_Data
A1: Emp ID | B1: Full name | C1: Date of joining | D1: Email | E1: Gender | F1: Emp type | G1: Emp status | H1: Designation | I1: Function | J1: Team | K1: Department | L1: Sub department | M1: Reporting manager | N1: Lead POC | O1: Exit date | P1: Joining month | Q1: Exit month | R1: Tenure bracket | S1: Level_Group | T1: Business_unit | U1: Status_Flag | V1: Join_Quarter | W1: Exit_Quarter | X1: Join_Year
A2: EP1000 | B2: Employee 1 | C2: 45871 | D2: ep1000@example.com | E2: Male | F2: Contractor | G2: Relieved | H2: Senior Analyst | I2: Finance | J2: Ops Excellence | K2: FP&A | M2: Mgr 11 | N2: Lead 11 | O2: 45908 | P2: Aug 2025 | Q2: Sep 2025 | R2: <1 year | S2: =IFERROR(VLOOKUP(H2, Level_Map!A:B, 2, FALSE), "") -> L2 | T2: =IFERROR(VLOOKUP(I2, Function_BU_Map!A:B, 2, FALSE), "") -> Corp | U2: =IF(G2="Working","Active","Exited") -> Exited | V2: ="Q"&ROUNDUP(MONTH(C2)/3,0)&" "&YEAR(C2) -> Q3 2025 | W2: =IF(O3="","", "Q"&ROUNDUP(MONTH(O3)/3,0)&" "&YEAR(O3)) | X2: =IF(P2="","",YEAR(C2)) -> 2025
A3: EP1001 | B3: Employee 2 | C3: 44613 | D3: ep1001@example.com | E3: Female | F3: Permanent | G3: Working | H3: Senior Director | I3: Finance | J3: Ops Excellence | K3: Payroll | M3: Mgr 6 | N3: Lead 2 | P3: Feb 2022 | R3: 2–4 years | S3: =IFERROR(VLOOKUP(H3, Level_Map!A:B, 2, FALSE), "") -> L8 | T3: =IFERROR(VLOOKUP(I3, Function_BU_Map!A:B, 2, FALSE), "") -> Corp | U3: =IF(G3="Working","Active","Exited") -> Active | V3: ="Q"&ROUNDUP(MONTH(C3)/3,0)&" "&YEAR(C3) -> Q1 2022 | X3: =IF(P3="","",YEAR(C3)) -> 2022
A4: EP1002 | B4: Employee 3 | C4: 45125 | D4: ep1002@example.com | E4: Male | F4: Permanent | G4: Working | H4: Associate | I4: Product | J4: Ops Excellence | K4: Design | M4: Mgr 10 | N4: Lead 16 | P4: Jul 2023 | R4: 2–4 years | S4: =IFERROR(VLOOKUP(H4, Level_Map!A:B, 2, FALSE), "") -> L3 | T4: =IFERROR(VLOOKUP(I4, Function_BU_Map!A:B, 2, FALSE), "") -> Tech | U4: =IF(G4="Working","Active","Exited") -> Active | V4: ="Q"&ROUNDUP(MONTH(C4)/3,0)&" "&YEAR(C4) -> Q3 2023 | W4: =IF(O4="","", "Q"&ROUNDUP(MONTH(O4)/3,0)&" "&YEAR(O4)) | X4: =IF(P4="","",YEAR(C4)) -> 2023
A5: EP1003 | B5: Employee 4 | C5: 45063 | D5: ep1003@example.com | E5: Male | F5: Permanent | G5: Relieved | H5: Senior Associate | I5: Risk | J5: Wealth | K5: Collections | M5: Mgr 19 | N5: Lead 7 | O5: 45321 | P5: May 2023 | Q5: Jan 2024 | R5: <1 year | S5: =IFERROR(VLOOKUP(H5, Level_Map!A:B, 2, FALSE), "") -> L4 | T5: =IFERROR(VLOOKUP(I5, Function_BU_Map!A:B, 2, FALSE), "") -> Risk | U5: =IF(G5="Working","Active","Exited") -> Exited | V5: ="Q"&ROUNDUP(MONTH(C5)/3,0)&" "&YEAR(C5) -> Q2 2023 | W5: =IF(O5="","", "Q"&ROUNDUP(MONTH(O5)/3,0)&" "&YEAR(O5)) -> Q1 2024 | X5: =IF(P5="","",YEAR(C5)) -> 2023
A6: EP1004 | B6: Employee 5 | C6: 44847 | D6: ep1004@example.com | E6: Male | F6: Permanent | G6: Relieved | H6: Associate | I6: Data | J6: Lending | K6: Data Eng | M6: Mgr 2 | N6: Lead 20 | O6: 45086 | P6: Oct 2022 | Q6: Jun 2023 | R6: <1 year | S6: =IFERROR(VLOOKUP(H6, Level_Map!A:B, 2, FALSE), "") -> L3 | T6: =IFERROR(VLOOKUP(I6, Function_BU_Map!A:B, 2, FALSE), "") -> Tech | U6: =IF(G6="Working","Active","Exited") -> Exited | V6: ="Q"&ROUNDUP(MONTH(C6)/3,0)&" "&YEAR(C6) -> Q4 2022 | W6: =IF(O6="","", "Q"&ROUNDUP(MONTH(O6)/3,0)&" "&YEAR(O6)) -> Q2 2023 | X6: =IF(P6="","",YEAR(C6)) -> 2022
A7: EP1005 | B7: Employee 6 | C7: 45678 | D7: ep1005@example.com | E7: Male | F7: Permanent | G7: Working | H7: Director | I7: CX | J7: Banking | K7: Training | M7: Mgr 8 | N7: Lead 4 | P7: Jan 2025 | R7: <1 year | S7: =IFERROR(VLOOKUP(H7, Level_Map!A:B, 2, FALSE), "") -> L7 | T7: =IFERROR(VLOOKUP(I7, Function_BU_Map!A:B, 2, FALSE), "") -> Ops | U7: =IF(G7="Working","Active","Exited") -> Active | V7: ="Q"&ROUNDUP(MONTH(C7)/3,0)&" "&YEAR(C7) -> Q1 2025 | W7: =IF(O7="","", "Q"&ROUNDUP(MONTH(O7)/3,0)&" "&YEAR(O7)) | X7: =IF(P7="","",YEAR(C7)) -> 2025
A8: EP1006 | B8: Employee 7 | C8: 44740 | D8: ep1006@example.com | E8: Male | F8: Permanent | G8: Working | H8: Senior Director | I8: CX | J8: Ops Excellence | K8: Quality | M8: Mgr 2 | N8: Lead 10 | P8: Jun 2022 | R8: 2–4 years | S8: =IFERROR(VLOOKUP(H8, Level_Map!A:B, 2, FALSE), "") -> L8 | T8: =IFERROR(VLOOKUP(I8, Function_BU_Map!A:B, 2, FALSE), "") -> Ops | U8: =IF(G8="Working","Active","Exited") -> Active | V8: ="Q"&ROUNDUP(MONTH(C8)/3,0)&" "&YEAR(C8) -> Q2 2022 | W8: =IF(O8="","", "Q"&ROUNDUP(MONTH(O8)/3,0)&" "&YEAR(O8)) | X8: =IF(P8="","",YEAR(C8)) -> 2022
A9: EP1007 | B9: Employee 8 | C9: 45771 | D9: ep1007@example.com | E9: Female | F9: Permanent | G9: Working | H9: Analyst | I9: HR | J9: Wealth | K9: Talent Acquisition | M9: Mgr 16 | N9: Lead 13 | P9: Apr 2025 | R9: <1 year | S9: =IFERROR(VLOOKUP(H9, Level_Map!A:B, 2, FALSE), "") -> L1 | T9: =IFERROR(VLOOKUP(I9, Function_BU_Map!A:B, 2, FALSE), "") -> Corp | U9: =IF(G9="Working","Active","Exited") -> Active | V9: ="Q"&ROUNDUP(MONTH(C9)/3,0)&" "&YEAR(C9) -> Q2 2025 | W9: =IF(O9="","", "Q"&ROUNDUP(MONTH(O9)/3,0)&" "&YEAR(O9)) | X9: =IF(P9="","",YEAR(C9)) -> 2025
A10: EP1008 | B10: Employee 9 | C10: 45426 | D10: ep1008@example.com | E10: Male | F10: Intern | G10: Relieved | H10: Associate | I10: Product | J10: Cards | K10: Product Mgmt | M10: Mgr 7 | N10: Lead 9 | O10: 45472 | P10: May 2024 | Q10: Jun 2024 | R10: <1 year | S10: =IFERROR(VLOOKUP(H10, Level_Map!A:B, 2, FALSE), "") -> L3 | T10: =IFERROR(VLOOKUP(I10, Function_BU_Map!A:B, 2, FALSE), "") -> Tech | U10: =IF(G10="Working","Active","Exited") -> Exited | V10: ="Q"&ROUNDUP(MONTH(C10)/3,0)&" "&YEAR(C10) -> Q2 2024 | W10: =IF(O10="","", "Q"&ROUNDUP(MONTH(O10)/3,0)&" "&YEAR(O10)) -> Q2 2024 | X10: =IF(P10="","",YEAR(C10)) -> 2024
A11: EP1009 | B11: Employee 10 | C11: 44623 | D11: ep1009@example.com | E11: Female | F11: Permanent | G11: Working | H11: Manager | I11: Engineering | J11: Banking | K11: Platform | M11: Mgr 1 | N11: Lead 5 | P11: Mar 2022 | R11: 2–4 years | S11: =IFERROR(VLOOKUP(H11, Level_Map!A:B, 2, FALSE), "") -> L5 | T11: =IFERROR(VLOOKUP(I11, Function_BU_Map!A:B, 2, FALSE), "") -> Tech | U11: =IF(G11="Working","Active","Exited") -> Active | V11: ="Q"&ROUNDUP(MONTH(C11)/3,0)&" "&YEAR(C11) -> Q1 2022 | W11: =IF(O11="","", "Q"&ROUNDUP(MONTH(O11)/3,0)&" "&YEAR(O11)) | X11: =IF(P11="","",YEAR(C11)) -> 2022
A12: EP1010 | B12: Employee 11 | C12: 44753 | D12: ep1010@example.com | E12: Female | F12: Permanent | G12: Relieved | H12: Associate | I12: HR | J12: Wealth | K12: People Ops | M12: Mgr 5 | N12: Lead 3 | O12: 45230 | P12: Jul 2022 | Q12: Oct 2023 | R12: 1–2 years | S12: =IFERROR(VLOOKUP(H12, Level_Map!A:B, 2, FALSE), "") -> L3 | T12: =IFERROR(VLOOKUP(I12, Function_BU_Map!A:B, 2, FALSE), "") -> Corp | U12: =IF(G12="Working","Active","Exited") -> Exited | V12: ="Q"&ROUNDUP(MONTH(C12)/3,0)&" "&YEAR(C12) -> Q3 2022 | W12: =IF(O12="","", "Q"&ROUNDUP(MONTH(O12)/3,0)&" "&YEAR(O12)) -> Q4 2023 | X12: =IF(P12="","",YEAR(C12)) -> 2022
A13: EP1011 | B13: Employee 12 | C13: 45038 | D13: ep1011@example.com | E13: Female | F13: Permanent | G13: Working | H13: Senior Director | I13: CX | J13: Ops Excellence | K13: Training | M13: Mgr 5 | N13: Lead 23 | P13: Apr 2023 | R13: 2–4 years | S13: =IFERROR(VLOOKUP(H13, Level_Map!A:B, 2, FALSE), "") -> L8 | T13: =IFERROR(VLOOKUP(I13, Function_BU_Map!A:B, 2, FALSE), "") -> Ops | U13: =IF(G13="Working","Active","Exited") -> Active | V13: ="Q"&ROUNDUP(MONTH(C13)/3,0)&" "&YEAR(C13) -> Q2 2023 | W13: =IF(O13="","", "Q"&ROUNDUP(MONTH(O13)/3,0)&" "&YEAR(O13)) | X13: =IF(P13="","",YEAR(C13)) -> 2023
A14: EP1012 | B14: Employee 13 | C14: 45596 | D14: ep1012@example.com | E14: Female | F14: Permanent | G14: Relieved | H14: Analyst | I14: CX | J14: Lending | K14: Training | M14: Mgr 7 | N14: Lead 17 | O14: 45934 | P14: Oct 2024 | Q14: Oct 2025 | R14: <1 year | S14: =IFERROR(VLOOKUP(H14, Level_Map!A:B, 2, FALSE), "") -> L1 | T14: =IFERROR(VLOOKUP(I14, Function_BU_Map!A:B, 2, FALSE), "") -> Ops | U14: =IF(G14="Working","Active","Exited") -> Exited | V14: ="Q"&ROUNDUP(MONTH(C14)/3,0)&" "&YEAR(C14) -> Q4 2024 | W14: =IF(O14="","", "Q"&ROUNDUP(MONTH(O14)/3,0)&" "&YEAR(O14)) -> Q4 2025 | X14: =IF(P14="","",YEAR(C14)) -> 2024
A15: EP1013 | B15: Employee 14 | C15: 44616 | D15: ep1013@example.com | E15: Male | F15: Permanent | G15: Relieved | H15: Senior Associate | I15: HR | J15: Ops Excellence | K15: L&D | M15: Mgr 13 | N15: Lead 7 | O15: 45795 | P15: Feb 2022 | Q15: May 2025 | R15: 2–4 years | S15: =IFERROR(VLOOKUP(H15, Level_Map!A:B, 2, FALSE), "") -> L4 | T15: =IFERROR(VLOOKUP(I15, Function_BU_Map!A:B, 2, FALSE), "") -> Corp | U15: =IF(G15="Working","Active","Exited") -> Exited | V15: ="Q"&ROUNDUP(MONTH(C15)/3,0)&" "&YEAR(C15) -> Q1 2022 | W15: =IF(O15="","", "Q"&ROUNDUP(MONTH(O15)/3,0)&" "&YEAR(O15)) -> Q2 2025 | X15: =IF(P15="","",YEAR(C15)) -> 2022
A16: EP1014 | B16: Employee 15 | C16: 44969 | D16: ep1014@example.com | E16: Male | F16: Permanent | G16: Working | H16: Manager | I16: HR | J16: Growth | K16: People Ops | M16: Mgr 12 | N16: Lead 12 | P16: Feb 2023 | R16: 2–4 years | S16: =IFERROR(VLOOKUP(H16, Level_Map!A:B, 2, FALSE), "") -> L5 | T16: =IFERROR(VLOOKUP(I16, Function_BU_Map!A:B, 2, FALSE), "") -> Corp | U16: =IF(G16="Working","Active","Exited") -> Active | V16: ="Q"&ROUNDUP(MONTH(C16)/3,0)&" "&YEAR(C16) -> Q1 2023 | W16: =IF(O16="","", "Q"&ROUNDUP(MONTH(O16)/3,0)&" "&YEAR(O16)) | X16: =IF(P16="","",YEAR(C16)) -> 2023
A17: EP1015 | B17: Employee 16 | C17: 45892 | D17: ep1015@example.com | E17: Male | F17: Consultant | G17: Working | H17: Associate | I17: Product | J17: Wealth | K17: Research | M17: Mgr 1 | N17: Lead 20 | P17: Aug 2025 | R17: <1 year | S17: =IFERROR(VLOOKUP(H17, Level_Map!A:B, 2, FALSE), "") -> L3 | T17: =IFERROR(VLOOKUP(I17, Function_BU_Map!A:B, 2, FALSE), "") -> Tech | U17: =IF(G17="Working","Active","Exited") -> Active | V17: ="Q"&ROUNDUP(MONTH(C17)/3,0)&" "&YEAR(C17) -> Q3 2025 | W17: =IF(O17="","", "Q"&ROUNDUP(MONTH(O17)/3,0)&" "&YEAR(O17)) | X17: =IF(P17="","",YEAR(C17)) -> 2025
A18: EP1016 | B18: Employee 17 | C18: 45678 | D18: ep1016@example.com | E18: Male | F18: Permanent | G18: Working | H18: Senior Associate | I18: Engineering | J18: Cards | K18: Platform | M18: Mgr 10 | N18: Lead 12 | P18: Jan 2025 | R18: <1 year | S18: =IFERROR(VLOOKUP(H18, Level_Map!A:B, 2, FALSE), "") -> L4 | T18: =IFERROR(VLOOKUP(I18, Function_BU_Map!A:B, 2, FALSE), "") -> Tech | U18: =IF(G18="Working","Active","Exited") -> Active | V18: ="Q"&ROUNDUP(MONTH(C18)/3,0)&" "&YEAR(C18) -> Q1 2025 | W18: =IF(O18="","", "Q"&ROUNDUP(MONTH(O18)/3,0)&" "&YEAR(O18)) | X18: =IF(P18="","",YEAR(C18)) -> 2025
A19: EP1017 | B19: Employee 18 | C19: 45421 | D19: ep1017@example.com | E19: Male | F19: Permanent | G19: Relieved | H19: Associate | I19: Engineering | J19: Cards | K19: QA | M19: Mgr 12 | N19: Lead 7 | O19: 45563 | P19: May 2024 | Q19: Sep 2024 | R19: <1 year | S19: =IFERROR(VLOOKUP(H19, Level_Map!A:B, 2, FALSE), "") -> L3 | T19: =IFERROR(VLOOKUP(I19, Function_BU_Map!A:B, 2, FALSE), "") -> Tech | U19: =IF(G19="Working","Active","Exited") -> Exited | V19: ="Q"&ROUNDUP(MONTH(C19)/3,0)&" "&YEAR(C19) -> Q2 2024 | W19: =IF(O19="","", "Q"&ROUNDUP(MONTH(O19)/3,0)&" "&YEAR(O19)) -> Q3 2024 | X19: =IF(P19="","",YEAR(C19)) -> 2024
A20: EP1018 | B20: Employee 19 | C20: 45481 | D20: ep1018@example.com | E20: Male | F20: Permanent | G20: Working | H20: Manager | I20: Product | J20: Banking | K20: Product Mgmt | M20: Mgr 5 | N20: Lead 1 | P20: Jul 2024 | R20: 1–2 years | S20: =IFERROR(VLOOKUP(H20, Level_Map!A:B, 2, FALSE), "") -> L5 | T20: =IFERROR(VLOOKUP(I20, Function_BU_Map!A:B, 2, FALSE), "") -> Tech | U20: =IF(G20="Working","Active","Exited") -> Active | V20: ="Q"&ROUNDUP(MONTH(C20)/3,0)&" "&YEAR(C20) -> Q3 2024 | W20: =IF(O20="","", "Q"&ROUNDUP(MONTH(O20)/3,0)&" "&YEAR(O20)) | X20: =IF(P20="","",YEAR(C20)) -> 2024
A21: EP1019 | B21: Employee 20 | C21: 45768 | D21: ep1019@example.com | E21: Female | F21: Permanent | G21: Working | H21: Senior Analyst | I21: CX | J21: Growth | K21: Quality | M21: Mgr 11 | N21: Lead 24 | P21: Apr 2025 | R21: <1 year | S21: =IFERROR(VLOOKUP(H21, Level_Map!A:B, 2, FALSE), "") -> L2 | T21: =IFERROR(VLOOKUP(I21, Function_BU_Map!A:B, 2, FALSE), "") -> Ops | U21: =IF(G21="Working","Active","Exited") -> Active | V21: ="Q"&ROUNDUP(MONTH(C21)/3,0)&" "&YEAR(C21) -> Q2 2025 | W21: =IF(O21="","", "Q"&ROUNDUP(MONTH(O21)/3,0)&" "&YEAR(O21)) | X21: =IF(P21="","",YEAR(C21)) -> 2025
A22: EP1020 | B22: Employee 21 | C22: 45131 | D22: ep1020@example.com | E22: Male | F22: Permanent | G22: Working | H22: Associate | I22: Product | J22: Growth | K22: Design | M22: Mgr 16 | N22: Lead 1 | P22: Jul 2023 | R22: 2–4 years | S22: =IFERROR(VLOOKUP(H22, Level_Map!A:B, 2, FALSE), "") -> L3 | T22: =IFERROR(VLOOKUP(I22, Function_BU_Map!A:B, 2, FALSE), "") -> Tech | U22: =IF(G22="Working","Active","Exited") -> Active | V22: ="Q"&ROUNDUP(MONTH(C22)/3,0)&" "&YEAR(C22) -> Q3 2023 | W22: =IF(O22="","", "Q"&ROUNDUP(MONTH(O22)/3,0)&" "&YEAR(O22)) | X22: =IF(P22="","",YEAR(C22)) -> 2023
A23: EP1021 | B23: Employee 22 | C23: 44575 | D23: ep1021@example.com | E23: Male | F23: Permanent | G23: Relieved | H23: Associate | I23: Finance | J23: Wealth | K23: Accounting | M23: Mgr 3 | N23: Lead 19 | O23: 44931 | P23: Jan 2022 | Q23: Jan 2023 | R23: <1 year | S23: =IFERROR(VLOOKUP(H23, Level_Map!A:B, 2, FALSE), "") -> L3 | T23: =IFERROR(VLOOKUP(I23, Function_BU_Map!A:B, 2, FALSE), "") -> Corp | U23: =IF(G23="Working","Active","Exited") -> Exited | V23: ="Q"&ROUNDUP(MONTH(C23)/3,0)&" "&YEAR(C23) -> Q1 2022 | W23: =IF(O23="","", "Q"&ROUNDUP(MONTH(O23)/3,0)&" "&YEAR(O23)) -> Q1 2023 | X23: =IF(P23="","",YEAR(C23)) -> 2022
A24: EP1022 | B24: Employee 23 | C24: 45427 | D24: ep1022@example.com | E24: Male | F24: Permanent | G24: Working | H24: Senior Manager | I24: Data | J24: Lending | K24: Data Science | M24: Mgr 18 | N24: Lead 23 | P24: May 2024 | R24: 1–2 years | S24: =IFERROR(VLOOKUP(H24, Level_Map!A:B, 2, FALSE), "") -> L6 | T24: =IFERROR(VLOOKUP(I24, Function_BU_Map!A:B, 2, FALSE), "") -> Tech | U24: =IF(G24="Working","Active","Exited") -> Active | V24: ="Q"&ROUNDUP(MONTH(C24)/3,0)&" "&YEAR(C24) -> Q2 2024 | W24: =IF(O24="","", "Q"&ROUNDUP(MONTH(O24)/3,0)&" "&YEAR(O24)) | X24: =IF(P24="","",YEAR(C24)) -> 2024
A25: EP1023 | B25: Employee 24 | C25: 45258 | D25: ep1023@example.com | E25: Male | F25: Permanent | G25: Working | H25: Senior Director | I25: Engineering | J25: Lending | K25: QA | M25: Mgr 17 | N25: Lead 2 | P25: Nov 2023 | R25: 1–2 years | S25: =IFERROR(VLOOKUP(H25, Level_Map!A:B, 2, FALSE), "") -> L8 | T25: =IFERROR(VLOOKUP(I25, Function_BU_Map!A:B, 2, FALSE), "") -> Tech | U25: =IF(G25="Working","Active","Exited") -> Active | V25: ="Q"&ROUNDUP(MONTH(C25)/3,0)&" "&YEAR(C25) -> Q4 2023 | W25: =IF(O25="","", "Q"&ROUNDUP(MONTH(O25)/3,0)&" "&YEAR(O25)) | X25: =IF(P25="","",YEAR(C25)) -> 2023
A26: EP1024 | B26: Employee 25 | C26: 45131 | D26: ep1024@example.com | E26: Other | F26: Contractor | G26: Working | H26: Senior Analyst | I26: CX | J26: Cards | K26: Training | M26: Mgr 16 | N26: Lead 3 | P26: Jul 2023 | R26: 2–4 years | S26: =IFERROR(VLOOKUP(H26, Level_Map!A:B, 2, FALSE), "") -> L2 | T26: =IFERROR(VLOOKUP(I26, Function_BU_Map!A:B, 2, FALSE), "") -> Ops | U26: =IF(G26="Working","Active","Exited") -> Active | V26: ="Q"&ROUNDUP(MONTH(C26)/3,0)&" "&YEAR(C26) -> Q3 2023 | W26: =IF(O26="","", "Q"&ROUNDUP(MONTH(O26)/3,0)&" "&YEAR(O26)) | X26: =IF(P26="","",YEAR(C26)) -> 2023
A27: EP1025 | B27: Employee 26 | C27: 44880 | D27: ep1025@example.com | E27: Female | F27: Permanent | G27: Working | H27: Senior Analyst | I27: HR | J27: Cards | K27: L&D | M27: Mgr 3 | N27: Lead 16 | P27: Nov 2022 | R27: 2–4 years | S27: =IFERROR(VLOOKUP(H27, Level_Map!A:B, 2, FALSE), "") -> L2 | T27: =IFERROR(VLOOKUP(I27, Function_BU_Map!A:B, 2, FALSE), "") -> Corp | U27: =IF(G27="Working","Active","Exited") -> Active | V27: ="Q"&ROUNDUP(MONTH(C27)/3,0)&" "&YEAR(C27) -> Q4 2022 | W27: =IF(O27="","", "Q"&ROUNDUP(MONTH(O27)/3,0)&" "&YEAR(O27)) | X27: =IF(P27="","",YEAR(C27)) -> 2022
A28: EP1026 | B28: Employee 27 | C28: 45002 | D28: ep1026@example.com | E28: Male | F28: Permanent | G28: Working | H28: Senior Associate | I28: Engineering | J28: Growth | K28: QA | M28: Mgr 16 | N28: Lead 9 | P28: Mar 2023 | R28: 2–4 years | S28: =IFERROR(VLOOKUP(H28, Level_Map!A:B, 2, FALSE), "") -> L4 | T28: =IFERROR(VLOOKUP(I28, Function_BU_Map!A:B, 2, FALSE), "") -> Tech | U28: =IF(G28="Working","Active","Exited") -> Active | V28: ="Q"&ROUNDUP(MONTH(C28)/3,0)&" "&YEAR(C28) -> Q1 2023 | W28: =IF(O28="","", "Q"&ROUNDUP(MONTH(O28)/3,0)&" "&YEAR(O28)) | X28: =IF(P28="","",YEAR(C28)) -> 2023
A29: EP1027 | B29: Employee 28 | C29: 45251 | D29: ep1027@example.com | E29: Male | F29: Permanent | G29: Working | H29: Manager | I29: CX | J29: Banking | K29: Training | M29: Mgr 12 | N29: Lead 19 | P29: Nov 2023 | R29: 1–2 years | S29: =IFERROR(VLOOKUP(H29, Level_Map!A:B, 2, FALSE), "") -> L5 | T29: =IFERROR(VLOOKUP(I29, Function_BU_Map!A:B, 2, FALSE), "") -> Ops | U29: =IF(G29="Working","Active","Exited") -> Active | V29: ="Q"&ROUNDUP(MONTH(C29)/3,0)&" "&YEAR(C29) -> Q4 2023 | W29: =IF(O29="","", "Q"&ROUNDUP(MONTH(O29)/3,0)&" "&YEAR(O29)) | X29: =IF(P29="","",YEAR(C29)) -> 2023
A30: EP1028 | B30: Employee 29 | C30: 44771 | D30: ep1028@example.com | E30: Female | F30: Permanent | G30: Working | H30: Senior Associate | I30: CX | J30: Ops Excellence | K30: Quality | M30: Mgr 2 | N30: Lead 21 | P30: Jul 2022 | R30: 2–4 years | S30: =IFERROR(VLOOKUP(H30, Level_Map!A:B, 2, FALSE), "") -> L4 | T30: =IFERROR(VLOOKUP(I30, Function_BU_Map!A:B, 2, FALSE), "") -> Ops | U30: =IF(G30="Working","Active","Exited") -> Active | V30: ="Q"&ROUNDUP(MONTH(C30)/3,0)&" "&YEAR(C30) -> Q3 2022 | W30: =IF(O30="","", "Q"&ROUNDUP(MONTH(O30)/3,0)&" "&YEAR(O30)) | X30: =IF(P30="","",YEAR(C30)) -> 2022
A31: EP1029 | B31: Employee 30 | C31: 44751 | D31: ep1029@example.com | E31: Male | F31: Permanent | G31: Working | H31: Manager | I31: CX | J31: Wealth | K31: Support | M31: Mgr 3 | N31: Lead 17 | P31: Jul 2022 | R31: 2–4 years | S31: =IFERROR(VLOOKUP(H31, Level_Map!A:B, 2, FALSE), "") -> L5 | T31: =IFERROR(VLOOKUP(I31, Function_BU_Map!A:B, 2, FALSE), "") -> Ops | U31: =IF(G31="Working","Active","Exited") -> Active | V31: ="Q"&ROUNDUP(MONTH(C31)/3,0)&" "&YEAR(C31) -> Q3 2022 | W31: =IF(O31="","", "Q"&ROUNDUP(MONTH(O31)/3,0)&" "&YEAR(O31)) | X31: =IF(P31="","",YEAR(C31)) -> 2022
A32: EP1030 | B32: Employee 31 | C32: 45340 | D32: ep1030@example.com | E32: Male | F32: Contractor | G32: Working | H32: Director | I32: CX | J32: Ops Excellence | K32: Quality | M32: Mgr 5 | N32: Lead 24 | P32: Feb 2024 | R32: 1–2 years | S32: =IFERROR(VLOOKUP(H32, Level_Map!A:B, 2, FALSE), "") -> L7 | T32: =IFERROR(VLOOKUP(I32, Function_BU_Map!A:B, 2, FALSE), "") -> Ops | U32: =IF(G32="Working","Active","Exited") -> Active | V32: ="Q"&ROUNDUP(MONTH(C32)/3,0)&" "&YEAR(C32) -> Q1 2024 | W32: =IF(O32="","", "Q"&ROUNDUP(MONTH(O32)/3,0)&" "&YEAR(O32)) | X32: =IF(P32="","",YEAR(C32)) -> 2024
A33: EP1031 | B33: Employee 32 | C33: 44760 | D33: ep1031@example.com | E33: Male | F33: Permanent | G33: Working | H33: Associate | I33: CX | J33: Wealth | K33: Support | M33: Mgr 1 | N33: Lead 3 | P33: Jul 2022 | R33: 2–4 years | S33: =IFERROR(VLOOKUP(H33, Level_Map!A:B, 2, FALSE), "") -> L3 | T33: =IFERROR(VLOOKUP(I33, Function_BU_Map!A:B, 2, FALSE), "") -> Ops | U33: =IF(G33="Working","Active","Exited") -> Active | V33: ="Q"&ROUNDUP(MONTH(C33)/3,0)&" "&YEAR(C33) -> Q3 2022 | W33: =IF(O33="","", "Q"&ROUNDUP(MONTH(O33)/3,0)&" "&YEAR(O33)) | X33: =IF(P33="","",YEAR(C33)) -> 2022
A34: EP1032 | B34: Employee 33 | C34: 45297 | D34: ep1032@example.com | E34: Male | F34: Permanent | G34: Relieved | H34: Senior Associate | I34: Data | J34: Banking | K34: Data Eng | M34: Mgr 15 | N34: Lead 22 | O34: 45679 | P34: Jan 2024 | Q34: Jan 2025 | R34: 1–2 years | S34: =IFERROR(VLOOKUP(H34, Level_Map!A:B, 2, FALSE), "") -> L4 | T34: =IFERROR(VLOOKUP(I34, Function_BU_Map!A:B, 2, FALSE), "") -> Tech | U34: =IF(G34="Working","Active","Exited") -> Exited | V34: ="Q"&ROUNDUP(MONTH(C34)/3,0)&" "&YEAR(C34) -> Q1 2024 | W34: =IF(O34="","", "Q"&ROUNDUP(MONTH(O34)/3,0)&" "&YEAR(O34)) -> Q1 2025 | X34: =IF(P34="","",YEAR(C34)) -> 2024
A35: EP1033 | B35: Employee 34 | C35: 45798 | D35: ep1033@example.com | E35: Male | F35: Permanent | G35: Relieved | H35: Senior Manager | I35: Product | J35: Cards | K35: Design | M35: Mgr 16 | N35: Lead 7 | O35: 45861 | P35: May 2025 | Q35: Jul 2025 | R35: <1 year | S35: =IFERROR(VLOOKUP(H35, Level_Map!A:B, 2, FALSE), "") -> L6 | T35: =IFERROR(VLOOKUP(I35, Function_BU_Map!A:B, 2, FALSE), "") -> Tech | U35: =IF(G35="Working","Active","Exited") -> Exited | V35: ="Q"&ROUNDUP(MONTH(C35)/3,0)&" "&YEAR(C35) -> Q2 2025 | W35: =IF(O35="","", "Q"&ROUNDUP(MONTH(O35)/3,0)&" "&YEAR(O35)) -> Q3 2025 | X35: =IF(P35="","",YEAR(C35)) -> 2025
A36: EP1034 | B36: Employee 35 | C36: 44650 | D36: ep1034@example.com | E36: Male | F36: Intern | G36: Relieved | H36: Analyst | I36: Marketing | J36: Ops Excellence | K36: Performance | M36: Mgr 4 | N36: Lead 13 | O36: 45620 | P36: Mar 2022 | Q36: Nov 2024 | R36: 2–4 years | S36: =IFERROR(VLOOKUP(H36, Level_Map!A:B, 2, FALSE), "") -> L1 | T36: =IFERROR(VLOOKUP(I36, Function_BU_Map!A:B, 2, FALSE), "") -> Growth | U36: =IF(G36="Working","Active","Exited") -> Exited | V36: ="Q"&ROUNDUP(MONTH(C36)/3,0)&" "&YEAR(C36) -> Q1 2022 | W36: =IF(O36="","", "Q"&ROUNDUP(MONTH(O36)/3,0)&" "&YEAR(O36)) -> Q4 2024 | X36: =IF(P36="","",YEAR(C36)) -> 2022
A37: EP1035 | B37: Employee 36 | C37: 45660 | D37: ep1035@example.com | E37: Male | F37: Permanent | G37: Relieved | H37: Director | I37: Product | J37: Wealth | K37: Design | M37: Mgr 2 | N37: Lead 2 | O37: 45753 | P37: Jan 2025 | Q37: Apr 2025 | R37: <1 year | S37: =IFERROR(VLOOKUP(H37, Level_Map!A:B, 2, FALSE), "") -> L7 | T37: =IFERROR(VLOOKUP(I37, Function_BU_Map!A:B, 2, FALSE), "") -> Tech | U37: =IF(G37="Working","Active","Exited") -> Exited | V37: ="Q"&ROUNDUP(MONTH(C37)/3,0)&" "&YEAR(C37) -> Q1 2025 | W37: =IF(O37="","", "Q"&ROUNDUP(MONTH(O37)/3,0)&" "&YEAR(O37)) -> Q2 2025 | X37: =IF(P37="","",YEAR(C37)) -> 2025
A38: EP1036 | B38: Employee 37 | C38: 45337 | D38: ep1036@example.com | E38: Male | F38: Permanent | G38: Working | H38: Associate | I38: Product | J38: Growth | K38: Design | M38: Mgr 17 | N38: Lead 20 | P38: Feb 2024 | R38: 1–2 years | S38: =IFERROR(VLOOKUP(H38, Level_Map!A:B, 2, FALSE), "") -> L3 | T38: =IFERROR(VLOOKUP(I38, Function_BU_Map!A:B, 2, FALSE), "") -> Tech | U38: =IF(G38="Working","Active","Exited") -> Active | V38: ="Q"&ROUNDUP(MONTH(C38)/3,0)&" "&YEAR(C38) -> Q1 2024 | W38: =IF(O38="","", "Q"&ROUNDUP(MONTH(O38)/3,0)&" "&YEAR(O38)) | X38: =IF(P38="","",YEAR(C38)) -> 2024
A39: EP1037 | B39: Employee 38 | C39: 44723 | D39: ep1037@example.com | E39: Male | F39: Permanent | G39: Working | H39: Senior Manager | I39: CX | J39: Cards | K39: Support | M39: Mgr 12 | N39: Lead 5 | P39: Jun 2022 | R39: 2–4 years | S39: =IFERROR(VLOOKUP(H39, Level_Map!A:B, 2, FALSE), "") -> L6 | T39: =IFERROR(VLOOKUP(I39, Function_BU_Map!A:B, 2, FALSE), "") -> Ops | U39: =IF(G39="Working","Active","Exited") -> Active | V39: ="Q"&ROUNDUP(MONTH(C39)/3,0)&" "&YEAR(C39) -> Q2 2022 | W39: =IF(O39="","", "Q"&ROUNDUP(MONTH(O39)/3,0)&" "&YEAR(O39)) | X39: =IF(P39="","",YEAR(C39)) -> 2022
A40: EP1038 | B40: Employee 39 | C40: 45692 | D40: ep1038@example.com | E40: Male | F40: Intern | G40: Working | H40: Manager | I40: Engineering | J40: Banking | K40: Frontend | M40: Mgr 13 | N40: Lead 18 | P40: Feb 2025 | R40: <1 year | S40: =IFERROR(VLOOKUP(H40, Level_Map!A:B, 2, FALSE), "") -> L5 | T40: =IFERROR(VLOOKUP(I40, Function_BU_Map!A:B, 2, FALSE), "") -> Tech | U40: =IF(G40="Working","Active","Exited") -> Active | V40: ="Q"&ROUNDUP(MONTH(C40)/3,0)&" "&YEAR(C40) -> Q1 2025 | W40: =IF(O40="","", "Q"&ROUNDUP(MONTH(O40)/3,0)&" "&YEAR(O40)) | X40: =IF(P40="","",YEAR(C40)) -> 2025
A41: EP1039 | B41: Employee 40 | C41: 45162 | D41: ep1039@example.com | E41: Male | F41: Permanent | G41: Relieved | H41: Associate | I41: Marketing | J41: Banking | K41: Content | M41: Mgr 5 | N41: Lead 21 | O41: 45835 | P41: Aug 2023 | Q41: Jun 2025 | R41: 1–2 years | S41: =IFERROR(VLOOKUP(H41, Level_Map!A:B, 2, FALSE), "") -> L3 | T41: =IFERROR(VLOOKUP(I41, Function_BU_Map!A:B, 2, FALSE), "") -> Growth | U41: =IF(G41="Working","Active","Exited") -> Exited | V41: ="Q"&ROUNDUP(MONTH(C41)/3,0)&" "&YEAR(C41) -> Q3 2023 | W41: =IF(O41="","", "Q"&ROUNDUP(MONTH(O41)/3,0)&" "&YEAR(O41)) -> Q2 2025 | X41: =IF(P41="","",YEAR(C41)) -> 2023
A42: EP1040 | B42: Employee 41 | C42: 45828 | D42: ep1040@example.com | E42: Male | F42: Permanent | G42: Working | H42: Director | I42: Risk | J42: Lending | K42: Underwriting | M42: Mgr 16 | N42: Lead 8 | P42: Jun 2025 | R42: <1 year | S42: =IFERROR(VLOOKUP(H42, Level_Map!A:B, 2, FALSE), "") -> L7 | T42: =IFERROR(VLOOKUP(I42, Function_BU_Map!A:B, 2, FALSE), "") -> Risk | U42: =IF(G42="Working","Active","Exited") -> Active | V42: ="Q"&ROUNDUP(MONTH(C42)/3,0)&" "&YEAR(C42) -> Q2 2025 | W42: =IF(O42="","", "Q"&ROUNDUP(MONTH(O42)/3,0)&" "&YEAR(O42)) | X42: =IF(P42="","",YEAR(C42)) -> 2025
A43: EP1041 | B43: Employee 42 | C43: 45302 | D43: ep1041@example.com | E43: Female | F43: Permanent | G43: Working | H43: Manager | I43: CX | J43: Ops Excellence | K43: Training | M43: Mgr 12 | N43: Lead 16 | P43: Jan 2024 | R43: 1–2 years | S43: =IFERROR(VLOOKUP(H43, Level_Map!A:B, 2, FALSE), "") -> L5 | T43: =IFERROR(VLOOKUP(I43, Function_BU_Map!A:B, 2, FALSE), "") -> Ops | U43: =IF(G43="Working","Active","Exited") -> Active | V43: ="Q"&ROUNDUP(MONTH(C43)/3,0)&" "&YEAR(C43) -> Q1 2024 | W43: =IF(O43="","", "Q"&ROUNDUP(MONTH(O43)/3,0)&" "&YEAR(O43)) | X43: =IF(P43="","",YEAR(C43)) -> 2024
A44: EP1042 | B44: Employee 43 | C44: 45744 | D44: ep1042@example.com | E44: Male | F44: Permanent | G44: Working | H44: Associate | I44: Product | J44: Cards | K44: Product Mgmt | M44: Mgr 5 | N44: Lead 12 | P44: Mar 2025 | R44: <1 year | S44: =IFERROR(VLOOKUP(H44, Level_Map!A:B, 2, FALSE), "") -> L3 | T44: =IFERROR(VLOOKUP(I44, Function_BU_Map!A:B, 2, FALSE), "") -> Tech | U44: =IF(G44="Working","Active","Exited") -> Active | V44: ="Q"&ROUNDUP(MONTH(C44)/3,0)&" "&YEAR(C44) -> Q1 2025 | W44: =IF(O44="","", "Q"&ROUNDUP(MONTH(O44)/3,0)&" "&YEAR(O44)) | X44: =IF(P44="","",YEAR(C44)) -> 2025
A45: EP1043 | B45: Employee 44 | C45: 44955 | D45: ep1043@example.com | E45: Male | F45: Permanent | G45: Working | H45: Associate | I45: Marketing | J45: Growth | K45: Performance | M45: Mgr 10 | N45: Lead 22 | P45: Jan 2023 | R45: 2–4 years | S45: =IFERROR(VLOOKUP(H45, Level_Map!A:B, 2, FALSE), "") -> L3 | T45: =IFERROR(VLOOKUP(I45, Function_BU_Map!A:B, 2, FALSE), "") -> Growth | U45: =IF(G45="Working","Active","Exited") -> Active | V45: ="Q"&ROUNDUP(MONTH(C45)/3,0)&" "&YEAR(C45) -> Q1 2023 | W45: =IF(O45="","", "Q"&ROUNDUP(MONTH(O45)/3,0)&" "&YEAR(O45)) | X45: =IF(P45="","",YEAR(C45)) -> 2023
A46: EP1044 | B46: Employee 45 | C46: 44704 | D46: ep1044@example.com | E46: Female | F46: Permanent | G46: Working | H46: Senior Associate | I46: Product | J46: Banking | K46: Design | M46: Mgr 5 | N46: Lead 13 | P46: May 2022 | R46: 2–4 years | S46: =IFERROR(VLOOKUP(H46, Level_Map!A:B, 2, FALSE), "") -> L4 | T46: =IFERROR(VLOOKUP(I46, Function_BU_Map!A:B, 2, FALSE), "") -> Tech | U46: =IF(G46="Working","Active","Exited") -> Active | V46: ="Q"&ROUNDUP(MONTH(C46)/3,0)&" "&YEAR(C46) -> Q2 2022 | W46: =IF(O46="","", "Q"&ROUNDUP(MONTH(O46)/3,0)&" "&YEAR(O46)) | X46: =IF(P46="","",YEAR(C46)) -> 2022
A47: EP1045 | B47: Employee 46 | C47: 44655 | D47: ep1045@example.com | E47: Male | F47: Permanent | G47: Working | H47: Senior Associate | I47: Risk | J47: Wealth | K47: Underwriting | M47: Mgr 12 | N47: Lead 18 | P47: Apr 2022 | R47: 2–4 years | S47: =IFERROR(VLOOKUP(H47, Level_Map!A:B, 2, FALSE), "") -> L4 | T47: =IFERROR(VLOOKUP(I47, Function_BU_Map!A:B, 2, FALSE), "") -> Risk | U47: =IF(G47="Working","Active","Exited") -> Active | V47: ="Q"&ROUNDUP(MONTH(C47)/3,0)&" "&YEAR(C47) -> Q2 2022 | W47: =IF(O47="","", "Q"&ROUNDUP(MONTH(O47)/3,0)&" "&YEAR(O47)) | X47: =IF(P47="","",YEAR(C47)) -> 2022
A48: EP1046 | B48: Employee 47 | C48: 45916 | D48: ep1046@example.com | E48: Male | F48: Permanent | G48: Working | H48: Manager | I48: Marketing | J48: Ops Excellence | K48: Content | M48: Mgr 8 | N48: Lead 10 | P48: Sep 2025 | R48: <1 year | S48: =IFERROR(VLOOKUP(H48, Level_Map!A:B, 2, FALSE), "") -> L5 | T48: =IFERROR(VLOOKUP(I48, Function_BU_Map!A:B, 2, FALSE), "") -> Growth | U48: =IF(G48="Working","Active","Exited") -> Active | V48: ="Q"&ROUNDUP(MONTH(C48)/3,0)&" "&YEAR(C48) -> Q3 2025 | W48: =IF(O48="","", "Q"&ROUNDUP(MONTH(O48)/3,0)&" "&YEAR(O48)) | X48: =IF(P48="","",YEAR(C48)) -> 2025
A49: EP1047 | B49: Employee 48 | C49: 45028 | D49: ep1047@example.com | E49: Male | F49: Permanent | G49: Working | H49: Analyst | I49: Engineering | J49: Lending | K49: Frontend | M49: Mgr 17 | N49: Lead 8 | P49: Apr 2023 | R49: 2–4 years | S49: =IFERROR(VLOOKUP(H49, Level_Map!A:B, 2, FALSE), "") -> L1 | T49: =IFERROR(VLOOKUP(I49, Function_BU_Map!A:B, 2, FALSE), "") -> Tech | U49: =IF(G49="Working","Active","Exited") -> Active | V49: ="Q"&ROUNDUP(MONTH(C49)/3,0)&" "&YEAR(C49) -> Q2 2023 | W49: =IF(O49="","", "Q"&ROUNDUP(MONTH(O49)/3,0)&" "&YEAR(O49)) | X49: =IF(P49="","",YEAR(C49)) -> 2023
A50: EP1048 | B50: Employee 49 | C50: 45154 | D50: ep1048@example.com | E50: Male | F50: Permanent | G50: Working | H50: Senior Associate | I50: Product | J50: Cards | K50: Research | M50: Mgr 18 | N50: Lead 13 | P50: Aug 2023 | R50: 2–4 years | S50: =IFERROR(VLOOKUP(H50, Level_Map!A:B, 2, FALSE), "") -> L4 | T50: =IFERROR(VLOOKUP(I50, Function_BU_Map!A:B, 2, FALSE), "") -> Tech | U50: =IF(G50="Working","Active","Exited") -> Active | V50: ="Q"&ROUNDUP(MONTH(C50)/3,0)&" "&YEAR(C50) -> Q3 2023 | W50: =IF(O50="","", "Q"&ROUNDUP(MONTH(O50)/3,0)&" "&YEAR(O50)) | X50: =IF(P50="","",YEAR(C50)) -> 2023
A51: EP1049 | B51: Employee 50 | C51: 44725 | D51: ep1049@example.com | E51: Female | F51: Permanent | G51: Working | H51: Senior Associate | I51: Product | J51: Cards | K51: Product Mgmt | M51: Mgr 3 | N51: Lead 17 | P51: Jun 2022 | R51: 2–4 years | S51: =IFERROR(VLOOKUP(H51, Level_Map!A:B, 2, FALSE), "") -> L4 | T51: =IFERROR(VLOOKUP(I51, Function_BU_Map!A:B, 2, FALSE), "") -> Tech | U51: =IF(G51="Working","Active","Exited") -> Active | V51: ="Q"&ROUNDUP(MONTH(C51)/3,0)&" "&YEAR(C51) -> Q2 2022 | W51: =IF(O51="","", "Q"&ROUNDUP(MONTH(O51)/3,0)&" "&YEAR(O51)) | X51: =IF(P51="","",YEAR(C51)) -> 2022
A52: EP1050 | B52: Employee 51 | C52: 45038 | D52: ep1050@example.com | E52: Female | F52: Permanent | G52: Relieved | H52: Senior Associate | I52: Engineering | J52: Growth | K52: QA | M52: Mgr 13 | N52: Lead 23 | O52: 45171 | P52: Apr 2023 | Q52: Sep 2023 | R52: <1 year | S52: =IFERROR(VLOOKUP(H52, Level_Map!A:B, 2, FALSE), "") -> L4 | T52: =IFERROR(VLOOKUP(I52, Function_BU_Map!A:B, 2, FALSE), "") -> Tech | U52: =IF(G52="Working","Active","Exited") -> Exited | V52: ="Q"&ROUNDUP(MONTH(C52)/3,0)&" "&YEAR(C52) -> Q2 2023 | W52: =IF(O52="","", "Q"&ROUNDUP(MONTH(O52)/3,0)&" "&YEAR(O52)) -> Q3 2023 | X52: =IF(P52="","",YEAR(C52)) -> 2023
A53: EP1051 | B53: Employee 52 | C53: 45340 | D53: ep1051@example.com | E53: Female | F53: Permanent | G53: Working | H53: Senior Manager | I53: HR | J53: Wealth | K53: Talent Acquisition | M53: Mgr 19 | N53: Lead 17 | P53: Feb 2024 | R53: 1–2 years | S53: =IFERROR(VLOOKUP(H53, Level_Map!A:B, 2, FALSE), "") -> L6 | T53: =IFERROR(VLOOKUP(I53, Function_BU_Map!A:B, 2, FALSE), "") -> Corp | U53: =IF(G53="Working","Active","Exited") -> Active | V53: ="Q"&ROUNDUP(MONTH(C53)/3,0)&" "&YEAR(C53) -> Q1 2024 | W53: =IF(O53="","", "Q"&ROUNDUP(MONTH(O53)/3,0)&" "&YEAR(O53)) | X53: =IF(P53="","",YEAR(C53)) -> 2024
A54: EP1052 | B54: Employee 53 | C54: 45131 | D54: ep1052@example.com | E54: Male | F54: Contractor | G54: Working | H54: Director | I54: Marketing | J54: Wealth | K54: Performance | M54: Mgr 19 | N54: Lead 15 | P54: Jul 2023 | R54: 2–4 years | S54: =IFERROR(VLOOKUP(H54, Level_Map!A:B, 2, FALSE), "") -> L7 | T54: =IFERROR(VLOOKUP(I54, Function_BU_Map!A:B, 2, FALSE), "") -> Growth | U54: =IF(G54="Working","Active","Exited") -> Active | V54: ="Q"&ROUNDUP(MONTH(C54)/3,0)&" "&YEAR(C54) -> Q3 2023 | W54: =IF(O54="","", "Q"&ROUNDUP(MONTH(O54)/3,0)&" "&YEAR(O54)) | X54: =IF(P54="","",YEAR(C54)) -> 2023
A55: EP1053 | B55: Employee 54 | C55: 45490 | D55: ep1053@example.com | E55: Male | F55: Permanent | G55: Working | H55: Manager | I55: CX | J55: Ops Excellence | K55: Training | M55: Mgr 7 | N55: Lead 13 | P55: Jul 2024 | R55: 1–2 years | S55: =IFERROR(VLOOKUP(H55, Level_Map!A:B, 2, FALSE), "") -> L5 | T55: =IFERROR(VLOOKUP(I55, Function_BU_Map!A:B, 2, FALSE), "") -> Ops | U55: =IF(G55="Working","Active","Exited") -> Active | V55: ="Q"&ROUNDUP(MONTH(C55)/3,0)&" "&YEAR(C55) -> Q3 2024 | W55: =IF(O55="","", "Q"&ROUNDUP(MONTH(O55)/3,0)&" "&YEAR(O55)) | X55: =IF(P55="","",YEAR(C55)) -> 2024
A56: EP1054 | B56: Employee 55 | C56: 45863 | D56: ep1054@example.com | E56: Female | F56: Contractor | G56: Working | H56: Manager | I56: Data | J56: Ops Excellence | K56: Data Eng | M56: Mgr 11 | N56: Lead 18 | P56: Jul 2025 | R56: <1 year | S56: =IFERROR(VLOOKUP(H56, Level_Map!A:B, 2, FALSE), "") -> L5 | T56: =IFERROR(VLOOKUP(I56, Function_BU_Map!A:B, 2, FALSE), "") -> Tech | U56: =IF(G56="Working","Active","Exited") -> Active | V56: ="Q"&ROUNDUP(MONTH(C56)/3,0)&" "&YEAR(C56) -> Q3 2025 | W56: =IF(O56="","", "Q"&ROUNDUP(MONTH(O56)/3,0)&" "&YEAR(O56)) | X56: =IF(P56="","",YEAR(C56)) -> 2025
A57: EP1055 | B57: Employee 56 | C57: 45309 | D57: ep1055@example.com | E57: Female | F57: Permanent | G57: Working | H57: Senior Manager | I57: Marketing | J57: Ops Excellence | K57: Performance | M57: Mgr 8 | N57: Lead 10 | P57: Jan 2024 | R57: 1–2 years | S57: =IFERROR(VLOOKUP(H57, Level_Map!A:B, 2, FALSE), "") -> L6 | T57: =IFERROR(VLOOKUP(I57, Function_BU_Map!A:B, 2, FALSE), "") -> Growth | U57: =IF(G57="Working","Active","Exited") -> Active | V57: ="Q"&ROUNDUP(MONTH(C57)/3,0)&" "&YEAR(C57) -> Q1 2024 | W57: =IF(O57="","", "Q"&ROUNDUP(MONTH(O57)/3,0)&" "&YEAR(O57)) | X57: =IF(P57="","",YEAR(C57)) -> 2024
A58: EP1056 | B58: Employee 57 | C58: 44895 | D58: ep1056@example.com | E58: Male | F58: Consultant | G58: Working | H58: Senior Analyst | I58: Engineering | J58: Ops Excellence | K58: Backend | M58: Mgr 13 | N58: Lead 1 | P58: Nov 2022 | R58: 2–4 years | S58: =IFERROR(VLOOKUP(H58, Level_Map!A:B, 2, FALSE), "") -> L2 | T58: =IFERROR(VLOOKUP(I58, Function_BU_Map!A:B, 2, FALSE), "") -> Tech | U58: =IF(G58="Working","Active","Exited") -> Active | V58: ="Q"&ROUNDUP(MONTH(C58)/3,0)&" "&YEAR(C58) -> Q4 2022 | W58: =IF(O58="","", "Q"&ROUNDUP(MONTH(O58)/3,0)&" "&YEAR(O58)) | X58: =IF(P58="","",YEAR(C58)) -> 2022
A59: EP1057 | B59: Employee 58 | C59: 45320 | D59: ep1057@example.com | E59: Female | F59: Permanent | G59: Working | H59: Associate | I59: HR | J59: Wealth | K59: People Ops | M59: Mgr 19 | N59: Lead 12 | P59: Jan 2024 | R59: 1–2 years | S59: =IFERROR(VLOOKUP(H59, Level_Map!A:B, 2, FALSE), "") -> L3 | T59: =IFERROR(VLOOKUP(I59, Function_BU_Map!A:B, 2, FALSE), "") -> Corp | U59: =IF(G59="Working","Active","Exited") -> Active | V59: ="Q"&ROUNDUP(MONTH(C59)/3,0)&" "&YEAR(C59) -> Q1 2024 | W59: =IF(O59="","", "Q"&ROUNDUP(MONTH(O59)/3,0)&" "&YEAR(O59)) | X59: =IF(P59="","",YEAR(C59)) -> 2024
A60: EP1058 | B60: Employee 59 | C60: 45289 | D60: ep1058@example.com | E60: Male | F60: Permanent | G60: Relieved | H60: Senior Associate | I60: HR | J60: Growth | K60: L&D | M60: Mgr 8 | N60: Lead 9 | O60: 45533 | P60: Dec 2023 | Q60: Aug 2024 | R60: <1 year | S60: =IFERROR(VLOOKUP(H60, Level_Map!A:B, 2, FALSE), "") -> L4 | T60: =IFERROR(VLOOKUP(I60, Function_BU_Map!A:B, 2, FALSE), "") -> Corp | U60: =IF(G60="Working","Active","Exited") -> Exited | V60: ="Q"&ROUNDUP(MONTH(C60)/3,0)&" "&YEAR(C60) -> Q4 2023 | W60: =IF(O60="","", "Q"&ROUNDUP(MONTH(O60)/3,0)&" "&YEAR(O60)) -> Q3 2024 | X60: =IF(P60="","",YEAR(C60)) -> 2023
A61: EP1059 | B61: Employee 60 | C61: 45108 | D61: ep1059@example.com | E61: Female | F61: Permanent | G61: Working | H61: Associate | I61: Engineering | J61: Wealth | K61: Backend | M61: Mgr 6 | N61: Lead 21 | P61: Jul 2023 | R61: 2–4 years | S61: =IFERROR(VLOOKUP(H61, Level_Map!A:B, 2, FALSE), "") -> L3 | T61: =IFERROR(VLOOKUP(I61, Function_BU_Map!A:B, 2, FALSE), "") -> Tech | U61: =IF(G61="Working","Active","Exited") -> Active | V61: ="Q"&ROUNDUP(MONTH(C61)/3,0)&" "&YEAR(C61) -> Q3 2023 | W61: =IF(O61="","", "Q"&ROUNDUP(MONTH(O61)/3,0)&" "&YEAR(O61)) | X61: =IF(P61="","",YEAR(C61)) -> 2023
A62: EP1060 | B62: Employee 61 | C62: 45889 | D62: ep1060@example.com | E62: Female | F62: Permanent | G62: Working | H62: Analyst | I62: Data | J62: Ops Excellence | K62: Analytics | M62: Mgr 5 | N62: Lead 4 | P62: Aug 2025 | R62: <1 year | S62: =IFERROR(VLOOKUP(H62, Level_Map!A:B, 2, FALSE), "") -> L1 | T62: =IFERROR(VLOOKUP(I62, Function_BU_Map!A:B, 2, FALSE), "") -> Tech | U62: =IF(G62="Working","Active","Exited") -> Active | V62: ="Q"&ROUNDUP(MONTH(C62)/3,0)&" "&YEAR(C62) -> Q3 2025 | W62: =IF(O62="","", "Q"&ROUNDUP(MONTH(O62)/3,0)&" "&YEAR(O62)) | X62: =IF(P62="","",YEAR(C62)) -> 2025
A63: EP1061 | B63: Employee 62 | C63: 44708 | D63: ep1061@example.com | E63: Male | F63: Contractor | G63: Working | H63: Manager | I63: CX | J63: Cards | K63: Support | M63: Mgr 3 | N63: Lead 16 | P63: May 2022 | R63: 2–4 years | S63: =IFERROR(VLOOKUP(H63, Level_Map!A:B, 2, FALSE), "") -> L5 | T63: =IFERROR(VLOOKUP(I63, Function_BU_Map!A:B, 2, FALSE), "") -> Ops | U63: =IF(G63="Working","Active","Exited") -> Active | V63: ="Q"&ROUNDUP(MONTH(C63)/3,0)&" "&YEAR(C63) -> Q2 2022 | W63: =IF(O63="","", "Q"&ROUNDUP(MONTH(O63)/3,0)&" "&YEAR(O63)) | X63: =IF(P63="","",YEAR(C63)) -> 2022
A64: EP1062 | B64: Employee 63 | C64: 45809 | D64: ep1062@example.com | E64: Female | F64: Consultant | G64: Working | H64: Analyst | I64: Data | J64: Wealth | K64: Data Eng | M64: Mgr 4 | N64: Lead 8 | P64: Jun 2025 | R64: <1 year | S64: =IFERROR(VLOOKUP(H64, Level_Map!A:B, 2, FALSE), "") -> L1 | T64: =IFERROR(VLOOKUP(I64, Function_BU_Map!A:B, 2, FALSE), "") -> Tech | U64: =IF(G64="Working","Active","Exited") -> Active | V64: ="Q"&ROUNDUP(MONTH(C64)/3,0)&" "&YEAR(C64) -> Q2 2025 | W64: =IF(O64="","", "Q"&ROUNDUP(MONTH(O64)/3,0)&" "&YEAR(O64)) | X64: =IF(P64="","",YEAR(C64)) -> 2025
A65: EP1063 | B65: Employee 64 | C65: 45862 | D65: ep1063@example.com | E65: Male | F65: Permanent | G65: Working | H65: Senior Director | I65: Engineering | J65: Wealth | K65: Backend | M65: Mgr 17 | N65: Lead 9 | P65: Jul 2025 | R65: <1 year | S65: =IFERROR(VLOOKUP(H65, Level_Map!A:B, 2, FALSE), "") -> L8 | T65: =IFERROR(VLOOKUP(I65, Function_BU_Map!A:B, 2, FALSE), "") -> Tech | U65: =IF(G65="Working","Active","Exited") -> Active | V65: ="Q"&ROUNDUP(MONTH(C65)/3,0)&" "&YEAR(C65) -> Q3 2025 | W65: =IF(O65="","", "Q"&ROUNDUP(MONTH(O65)/3,0)&" "&YEAR(O65)) | X65: =IF(P65="","",YEAR(C65)) -> 2025
A66: EP1064 | B66: Employee 65 | C66: 44912 | D66: ep1064@example.com | E66: Male | F66: Intern | G66: Working | H66: Director | I66: Risk | J66: Ops Excellence | K66: Underwriting | M66: Mgr 18 | N66: Lead 19 | P66: Dec 2022 | R66: 2–4 years | S66: =IFERROR(VLOOKUP(H66, Level_Map!A:B, 2, FALSE), "") -> L7 | T66: =IFERROR(VLOOKUP(I66, Function_BU_Map!A:B, 2, FALSE), "") -> Risk | U66: =IF(G66="Working","Active","Exited") -> Active | V66: ="Q"&ROUNDUP(MONTH(C66)/3,0)&" "&YEAR(C66) -> Q4 2022 | W66: =IF(O66="","", "Q"&ROUNDUP(MONTH(O66)/3,0)&" "&YEAR(O66)) | X66: =IF(P66="","",YEAR(C66)) -> 2022
A67: EP1065 | B67: Employee 66 | C67: 45655 | D67: ep1065@example.com | E67: Female | F67: Permanent | G67: Relieved | H67: Senior Associate | I67: Product | J67: Lending | K67: Design | M67: Mgr 1 | N67: Lead 22 | O67: 45810 | P67: Dec 2024 | Q67: Jun 2025 | R67: <1 year | S67: =IFERROR(VLOOKUP(H67, Level_Map!A:B, 2, FALSE), "") -> L4 | T67: =IFERROR(VLOOKUP(I67, Function_BU_Map!A:B, 2, FALSE), "") -> Tech | U67: =IF(G67="Working","Active","Exited") -> Exited | V67: ="Q"&ROUNDUP(MONTH(C67)/3,0)&" "&YEAR(C67) -> Q4 2024 | W67: =IF(O67="","", "Q"&ROUNDUP(MONTH(O67)/3,0)&" "&YEAR(O67)) -> Q2 2025 | X67: =IF(P67="","",YEAR(C67)) -> 2024
A68: EP1066 | B68: Employee 67 | C68: 44896 | D68: ep1066@example.com | E68: Female | F68: Contractor | G68: Working | H68: Associate | I68: Engineering | J68: Lending | K68: Backend | M68: Mgr 17 | N68: Lead 13 | P68: Dec 2022 | R68: 2–4 years | S68: =IFERROR(VLOOKUP(H68, Level_Map!A:B, 2, FALSE), "") -> L3 | T68: =IFERROR(VLOOKUP(I68, Function_BU_Map!A:B, 2, FALSE), "") -> Tech | U68: =IF(G68="Working","Active","Exited") -> Active | V68: ="Q"&ROUNDUP(MONTH(C68)/3,0)&" "&YEAR(C68) -> Q4 2022 | W68: =IF(O68="","", "Q"&ROUNDUP(MONTH(O68)/3,0)&" "&YEAR(O68)) | X68: =IF(P68="","",YEAR(C68)) -> 2022
A69: EP1067 | B69: Employee 68 | C69: 45508 | D69: ep1067@example.com | E69: Male | F69: Permanent | G69: Working | H69: Manager | I69: Engineering | J69: Growth | K69: Backend | M69: Mgr 5 | N69: Lead 6 | P69: Aug 2024 | R69: 1–2 years | S69: =IFERROR(VLOOKUP(H69, Level_Map!A:B, 2, FALSE), "") -> L5 | T69: =IFERROR(VLOOKUP(I69, Function_BU_Map!A:B, 2, FALSE), "") -> Tech | U69: =IF(G69="Working","Active","Exited") -> Active | V69: ="Q"&ROUNDUP(MONTH(C69)/3,0)&" "&YEAR(C69) -> Q3 2024 | W69: =IF(O69="","", "Q"&ROUNDUP(MONTH(O69)/3,0)&" "&YEAR(O69)) | X69: =IF(P69="","",YEAR(C69)) -> 2024
A70: EP1068 | B70: Employee 69 | C70: 45339 | D70: ep1068@example.com | E70: Female | F70: Permanent | G70: Relieved | H70: Associate | I70: Finance | J70: Lending | K70: Payroll | M70: Mgr 9 | N70: Lead 14 | O70: 45645 | P70: Feb 2024 | Q70: Dec 2024 | R70: <1 year | S70: =IFERROR(VLOOKUP(H70, Level_Map!A:B, 2, FALSE), "") -> L3 | T70: =IFERROR(VLOOKUP(I70, Function_BU_Map!A:B, 2, FALSE), "") -> Corp | U70: =IF(G70="Working","Active","Exited") -> Exited | V70: ="Q"&ROUNDUP(MONTH(C70)/3,0)&" "&YEAR(C70) -> Q1 2024 | W70: =IF(O70="","", "Q"&ROUNDUP(MONTH(O70)/3,0)&" "&YEAR(O70)) -> Q4 2024 | X70: =IF(P70="","",YEAR(C70)) -> 2024
A71: EP1069 | B71: Employee 70 | C71: 45872 | D71: ep1069@example.com | E71: Male | F71: Permanent | G71: Relieved | H71: Manager | I71: Engineering | J71: Cards | K71: Backend | M71: Mgr 8 | N71: Lead 7 | O71: 45946 | P71: Aug 2025 | Q71: Oct 2025 | R71: <1 year | S71: =IFERROR(VLOOKUP(H71, Level_Map!A:B, 2, FALSE), "") -> L5 | T71: =IFERROR(VLOOKUP(I71, Function_BU_Map!A:B, 2, FALSE), "") -> Tech | U71: =IF(G71="Working","Active","Exited") -> Exited | V71: ="Q"&ROUNDUP(MONTH(C71)/3,0)&" "&YEAR(C71) -> Q3 2025 | W71: =IF(O71="","", "Q"&ROUNDUP(MONTH(O71)/3,0)&" "&YEAR(O71)) -> Q4 2025 | X71: =IF(P71="","",YEAR(C71)) -> 2025
A72: EP1070 | B72: Employee 71 | C72: 45702 | D72: ep1070@example.com | E72: Female | F72: Permanent | G72: Working | H72: Senior Manager | I72: Marketing | J72: Lending | K72: Content | M72: Mgr 5 | N72: Lead 17 | P72: Feb 2025 | R72: <1 year | S72: =IFERROR(VLOOKUP(H72, Level_Map!A:B, 2, FALSE), "") -> L6 | T72: =IFERROR(VLOOKUP(I72, Function_BU_Map!A:B, 2, FALSE), "") -> Growth | U72: =IF(G72="Working","Active","Exited") -> Active | V72: ="Q"&ROUNDUP(MONTH(C72)/3,0)&" "&YEAR(C72) -> Q1 2025 | W72: =IF(O72="","", "Q"&ROUNDUP(MONTH(O72)/3,0)&" "&YEAR(O72)) | X72: =IF(P72="","",YEAR(C72)) -> 2025
A73: EP1071 | B73: Employee 72 | C73: 45011 | D73: ep1071@example.com | E73: Male | F73: Permanent | G73: Relieved | H73: Manager | I73: Finance | J73: Growth | K73: FP&A | M73: Mgr 6 | N73: Lead 2 | O73: 45742 | P73: Mar 2023 | Q73: Mar 2025 | R73: 2–4 years | S73: =IFERROR(VLOOKUP(H73, Level_Map!A:B, 2, FALSE), "") -> L5 | T73: =IFERROR(VLOOKUP(I73, Function_BU_Map!A:B, 2, FALSE), "") -> Corp | U73: =IF(G73="Working","Active","Exited") -> Exited | V73: ="Q"&ROUNDUP(MONTH(C73)/3,0)&" "&YEAR(C73) -> Q1 2023 | W73: =IF(O73="","", "Q"&ROUNDUP(MONTH(O73)/3,0)&" "&YEAR(O73)) -> Q1 2025 | X73: =IF(P73="","",YEAR(C73)) -> 2023
A74: EP1072 | B74: Employee 73 | C74: 45226 | D74: ep1072@example.com | E74: Male | F74: Permanent | G74: Working | H74: Director | I74: Product | J74: Banking | K74: Research | M74: Mgr 6 | N74: Lead 1 | P74: Oct 2023 | R74: 1–2 years | S74: =IFERROR(VLOOKUP(H74, Level_Map!A:B, 2, FALSE), "") -> L7 | T74: =IFERROR(VLOOKUP(I74, Function_BU_Map!A:B, 2, FALSE), "") -> Tech | U74: =IF(G74="Working","Active","Exited") -> Active | V74: ="Q"&ROUNDUP(MONTH(C74)/3,0)&" "&YEAR(C74) -> Q4 2023 | W74: =IF(O74="","", "Q"&ROUNDUP(MONTH(O74)/3,0)&" "&YEAR(O74)) | X74: =IF(P74="","",YEAR(C74)) -> 2023
A75: EP1073 | B75: Employee 74 | C75: 44676 | D75: ep1073@example.com | E75: Female | F75: Permanent | G75: Relieved | H75: Director | I75: Risk | J75: Cards | K75: Collections | M75: Mgr 17 | N75: Lead 10 | O75: 45175 | P75: Apr 2022 | Q75: Sep 2023 | R75: 1–2 years | S75: =IFERROR(VLOOKUP(H75, Level_Map!A:B, 2, FALSE), "") -> L7 | T75: =IFERROR(VLOOKUP(I75, Function_BU_Map!A:B, 2, FALSE), "") -> Risk | U75: =IF(G75="Working","Active","Exited") -> Exited | V75: ="Q"&ROUNDUP(MONTH(C75)/3,0)&" "&YEAR(C75) -> Q2 2022 | W75: =IF(O75="","", "Q"&ROUNDUP(MONTH(O75)/3,0)&" "&YEAR(O75)) -> Q3 2023 | X75: =IF(P75="","",YEAR(C75)) -> 2022
A76: EP1074 | B76: Employee 75 | C76: 44627 | D76: ep1074@example.com | E76: Female | F76: Permanent | G76: Relieved | H76: Associate | I76: Engineering | J76: Ops Excellence | K76: Frontend | M76: Mgr 11 | N76: Lead 16 | O76: 45303 | P76: Mar 2022 | Q76: Jan 2024 | R76: 1–2 years | S76: =IFERROR(VLOOKUP(H76, Level_Map!A:B, 2, FALSE), "") -> L3 | T76: =IFERROR(VLOOKUP(I76, Function_BU_Map!A:B, 2, FALSE), "") -> Tech | U76: =IF(G76="Working","Active","Exited") -> Exited | V76: ="Q"&ROUNDUP(MONTH(C76)/3,0)&" "&YEAR(C76) -> Q1 2022 | W76: =IF(O76="","", "Q"&ROUNDUP(MONTH(O76)/3,0)&" "&YEAR(O76)) -> Q1 2024 | X76: =IF(P76="","",YEAR(C76)) -> 2022
A77: EP1075 | B77: Employee 76 | C77: 45383 | D77: ep1075@example.com | E77: Male | F77: Permanent | G77: Working | H77: Analyst | I77: CX | J77: Banking | K77: Training | M77: Mgr 8 | N77: Lead 4 | P77: Apr 2024 | R77: 1–2 years | S77: =IFERROR(VLOOKUP(H77, Level_Map!A:B, 2, FALSE), "") -> L1 | T77: =IFERROR(VLOOKUP(I77, Function_BU_Map!A:B, 2, FALSE), "") -> Ops | U77: =IF(G77="Working","Active","Exited") -> Active | V77: ="Q"&ROUNDUP(MONTH(C77)/3,0)&" "&YEAR(C77) -> Q2 2024 | W77: =IF(O77="","", "Q"&ROUNDUP(MONTH(O77)/3,0)&" "&YEAR(O77)) | X77: =IF(P77="","",YEAR(C77)) -> 2024
A78: EP1076 | B78: Employee 77 | C78: 45110 | D78: ep1076@example.com | E78: Male | F78: Consultant | G78: Relieved | H78: Manager | I78: CX | J78: Lending | K78: Support | M78: Mgr 5 | N78: Lead 18 | O78: 45207 | P78: Jul 2023 | Q78: Oct 2023 | R78: <1 year | S78: =IFERROR(VLOOKUP(H78, Level_Map!A:B, 2, FALSE), "") -> L5 | T78: =IFERROR(VLOOKUP(I78, Function_BU_Map!A:B, 2, FALSE), "") -> Ops | U78: =IF(G78="Working","Active","Exited") -> Exited | V78: ="Q"&ROUNDUP(MONTH(C78)/3,0)&" "&YEAR(C78) -> Q3 2023 | W78: =IF(O78="","", "Q"&ROUNDUP(MONTH(O78)/3,0)&" "&YEAR(O78)) -> Q4 2023 | X78: =IF(P78="","",YEAR(C78)) -> 2023
A79: EP1077 | B79: Employee 78 | C79: 44994 | D79: ep1077@example.com | E79: Male | F79: Permanent | G79: Relieved | H79: Senior Associate | I79: Engineering | J79: Ops Excellence | K79: Backend | M79: Mgr 2 | N79: Lead 17 | O79: 45604 | P79: Mar 2023 | Q79: Nov 2024 | R79: 1–2 years | S79: =IFERROR(VLOOKUP(H79, Level_Map!A:B, 2, FALSE), "") -> L4 | T79: =IFERROR(VLOOKUP(I79, Function_BU_Map!A:B, 2, FALSE), "") -> Tech | U79: =IF(G79="Working","Active","Exited") -> Exited | V79: ="Q"&ROUNDUP(MONTH(C79)/3,0)&" "&YEAR(C79) -> Q1 2023 | W79: =IF(O79="","", "Q"&ROUNDUP(MONTH(O79)/3,0)&" "&YEAR(O79)) -> Q4 2024 | X79: =IF(P79="","",YEAR(C79)) -> 2023
A80: EP1078 | B80: Employee 79 | C80: 45206 | D80: ep1078@example.com | E80: Male | F80: Permanent | G80: Working | H80: Manager | I80: Engineering | J80: Cards | K80: Backend | M80: Mgr 11 | N80: Lead 16 | P80: Oct 2023 | R80: 2–4 years | S80: =IFERROR(VLOOKUP(H80, Level_Map!A:B, 2, FALSE), "") -> L5 | T80: =IFERROR(VLOOKUP(I80, Function_BU_Map!A:B, 2, FALSE), "") -> Tech | U80: =IF(G80="Working","Active","Exited") -> Active | V80: ="Q"&ROUNDUP(MONTH(C80)/3,0)&" "&YEAR(C80) -> Q4 2023 | W80: =IF(O80="","", "Q"&ROUNDUP(MONTH(O80)/3,0)&" "&YEAR(O80)) | X80: =IF(P80="","",YEAR(C80)) -> 2023
A81: EP1079 | B81: Employee 80 | C81: 44997 | D81: ep1079@example.com | E81: Male | F81: Permanent | G81: Relieved | H81: Senior Analyst | I81: Marketing | J81: Banking | K81: Performance | M81: Mgr 14 | N81: Lead 23 | O81: 45698 | P81: Mar 2023 | Q81: Feb 2025 | R81: 1–2 years | S81: =IFERROR(VLOOKUP(H81, Level_Map!A:B, 2, FALSE), "") -> L2 | T81: =IFERROR(VLOOKUP(I81, Function_BU_Map!A:B, 2, FALSE), "") -> Growth | U81: =IF(G81="Working","Active","Exited") -> Exited | V81: ="Q"&ROUNDUP(MONTH(C81)/3,0)&" "&YEAR(C81) -> Q1 2023 | W81: =IF(O81="","", "Q"&ROUNDUP(MONTH(O81)/3,0)&" "&YEAR(O81)) -> Q1 2025 | X81: =IF(P81="","",YEAR(C81)) -> 2023
A82: EP1080 | B82: Employee 81 | C82: 45584 | D82: ep1080@example.com | E82: Male | F82: Permanent | G82: Working | H82: Manager | I82: Engineering | J82: Banking | K82: Platform | M82: Mgr 14 | N82: Lead 11 | P82: Oct 2024 | R82: <1 year | S82: =IFERROR(VLOOKUP(H82, Level_Map!A:B, 2, FALSE), "") -> L5 | T82: =IFERROR(VLOOKUP(I82, Function_BU_Map!A:B, 2, FALSE), "") -> Tech | U82: =IF(G82="Working","Active","Exited") -> Active | V82: ="Q"&ROUNDUP(MONTH(C82)/3,0)&" "&YEAR(C82) -> Q4 2024 | W82: =IF(O82="","", "Q"&ROUNDUP(MONTH(O82)/3,0)&" "&YEAR(O82)) | X82: =IF(P82="","",YEAR(C82)) -> 2024
A83: EP1081 | B83: Employee 82 | C83: 45372 | D83: ep1081@example.com | E83: Male | F83: Permanent | G83: Working | H83: Senior Analyst | I83: CX | J83: Banking | K83: Training | M83: Mgr 5 | N83: Lead 10 | P83: Mar 2024 | R83: 1–2 years | S83: =IFERROR(VLOOKUP(H83, Level_Map!A:B, 2, FALSE), "") -> L2 | T83: =IFERROR(VLOOKUP(I83, Function_BU_Map!A:B, 2, FALSE), "") -> Ops | U83: =IF(G83="Working","Active","Exited") -> Active | V83: ="Q"&ROUNDUP(MONTH(C83)/3,0)&" "&YEAR(C83) -> Q1 2024 | W83: =IF(O83="","", "Q"&ROUNDUP(MONTH(O83)/3,0)&" "&YEAR(O83)) | X83: =IF(P83="","",YEAR(C83)) -> 2024
A84: EP1082 | B84: Employee 83 | C84: 45878 | D84: ep1082@example.com | E84: Male | F84: Intern | G84: Working | H84: Senior Analyst | I84: Engineering | J84: Wealth | K84: Frontend | M84: Mgr 4 | N84: Lead 10 | P84: Aug 2025 | R84: <1 year | S84: =IFERROR(VLOOKUP(H84, Level_Map!A:B, 2, FALSE), "") -> L2 | T84: =IFERROR(VLOOKUP(I84, Function_BU_Map!A:B, 2, FALSE), "") -> Tech | U84: =IF(G84="Working","Active","Exited") -> Active | V84: ="Q"&ROUNDUP(MONTH(C84)/3,0)&" "&YEAR(C84) -> Q3 2025 | W84: =IF(O84="","", "Q"&ROUNDUP(MONTH(O84)/3,0)&" "&YEAR(O84)) | X84: =IF(P84="","",YEAR(C84)) -> 2025
A85: EP1083 | B85: Employee 84 | C85: 45501 | D85: ep1083@example.com | E85: Female | F85: Permanent | G85: Working | H85: Senior Associate | I85: Engineering | J85: Growth | K85: Platform | M85: Mgr 17 | N85: Lead 12 | P85: Jul 2024 | R85: 1–2 years | S85: =IFERROR(VLOOKUP(H85, Level_Map!A:B, 2, FALSE), "") -> L4 | T85: =IFERROR(VLOOKUP(I85, Function_BU_Map!A:B, 2, FALSE), "") -> Tech | U85: =IF(G85="Working","Active","Exited") -> Active | V85: ="Q"&ROUNDUP(MONTH(C85)/3,0)&" "&YEAR(C85) -> Q3 2024 | W85: =IF(O85="","", "Q"&ROUNDUP(MONTH(O85)/3,0)&" "&YEAR(O85)) | X85: =IF(P85="","",YEAR(C85)) -> 2024
A86: EP1084 | B86: Employee 85 | C86: 44854 | D86: ep1084@example.com | E86: Male | F86: Permanent | G86: Working | H86: Senior Analyst | I86: Product | J86: Lending | K86: Design | M86: Mgr 6 | N86: Lead 5 | P86: Oct 2022 | R86: 2–4 years | S86: =IFERROR(VLOOKUP(H86, Level_Map!A:B, 2, FALSE), "") -> L2 | T86: =IFERROR(VLOOKUP(I86, Function_BU_Map!A:B, 2, FALSE), "") -> Tech | U86: =IF(G86="Working","Active","Exited") -> Active | V86: ="Q"&ROUNDUP(MONTH(C86)/3,0)&" "&YEAR(C86) -> Q4 2022 | W86: =IF(O86="","", "Q"&ROUNDUP(MONTH(O86)/3,0)&" "&YEAR(O86)) | X86: =IF(P86="","",YEAR(C86)) -> 2022
A87: EP1085 | B87: Employee 86 | C87: 45104 | D87: ep1085@example.com | E87: Female | F87: Permanent | G87: Relieved | H87: Senior Manager | I87: Engineering | J87: Wealth | K87: Frontend | M87: Mgr 9 | N87: Lead 23 | O87: 45276 | P87: Jun 2023 | Q87: Dec 2023 | R87: <1 year | S87: =IFERROR(VLOOKUP(H87, Level_Map!A:B, 2, FALSE), "") -> L6 | T87: =IFERROR(VLOOKUP(I87, Function_BU_Map!A:B, 2, FALSE), "") -> Tech | U87: =IF(G87="Working","Active","Exited") -> Exited | V87: ="Q"&ROUNDUP(MONTH(C87)/3,0)&" "&YEAR(C87) -> Q2 2023 | W87: =IF(O87="","", "Q"&ROUNDUP(MONTH(O87)/3,0)&" "&YEAR(O87)) -> Q4 2023 | X87: =IF(P87="","",YEAR(C87)) -> 2023
A88: EP1086 | B88: Employee 87 | C88: 45067 | D88: ep1086@example.com | E88: Male | F88: Permanent | G88: Working | H88: Associate | I88: Finance | J88: Growth | K88: Accounting | M88: Mgr 4 | N88: Lead 15 | P88: May 2023 | R88: 2–4 years | S88: =IFERROR(VLOOKUP(H88, Level_Map!A:B, 2, FALSE), "") -> L3 | T88: =IFERROR(VLOOKUP(I88, Function_BU_Map!A:B, 2, FALSE), "") -> Corp | U88: =IF(G88="Working","Active","Exited") -> Active | V88: ="Q"&ROUNDUP(MONTH(C88)/3,0)&" "&YEAR(C88) -> Q2 2023 | W88: =IF(O88="","", "Q"&ROUNDUP(MONTH(O88)/3,0)&" "&YEAR(O88)) | X88: =IF(P88="","",YEAR(C88)) -> 2023
A89: EP1087 | B89: Employee 88 | C89: 45711 | D89: ep1087@example.com | E89: Female | F89: Permanent | G89: Working | H89: Director | I89: Engineering | J89: Growth | K89: Platform | M89: Mgr 8 | N89: Lead 19 | P89: Feb 2025 | R89: <1 year | S89: =IFERROR(VLOOKUP(H89, Level_Map!A:B, 2, FALSE), "") -> L7 | T89: =IFERROR(VLOOKUP(I89, Function_BU_Map!A:B, 2, FALSE), "") -> Tech | U89: =IF(G89="Working","Active","Exited") -> Active | V89: ="Q"&ROUNDUP(MONTH(C89)/3,0)&" "&YEAR(C89) -> Q1 2025 | W89: =IF(O89="","", "Q"&ROUNDUP(MONTH(O89)/3,0)&" "&YEAR(O89)) | X89: =IF(P89="","",YEAR(C89)) -> 2025
A90: EP1088 | B90: Employee 89 | C90: 45665 | D90: ep1088@example.com | E90: Female | F90: Permanent | G90: Relieved | H90: Senior Associate | I90: Data | J90: Wealth | K90: Data Science | M90: Mgr 15 | N90: Lead 1 | O90: 45762 | P90: Jan 2025 | Q90: Apr 2025 | R90: <1 year | S90: =IFERROR(VLOOKUP(H90, Level_Map!A:B, 2, FALSE), "") -> L4 | T90: =IFERROR(VLOOKUP(I90, Function_BU_Map!A:B, 2, FALSE), "") -> Tech | U90: =IF(G90="Working","Active","Exited") -> Exited | V90: ="Q"&ROUNDUP(MONTH(C90)/3,0)&" "&YEAR(C90) -> Q1 2025 | W90: =IF(O90="","", "Q"&ROUNDUP(MONTH(O90)/3,0)&" "&YEAR(O90)) -> Q2 2025 | X90: =IF(P90="","",YEAR(C90)) -> 2025
A91: EP1089 | B91: Employee 90 | C91: 45759 | D91: ep1089@example.com | E91: Female | F91: Permanent | G91: Working | H91: Associate | I91: CX | J91: Wealth | K91: Training | M91: Mgr 6 | N91: Lead 18 | P91: Apr 2025 | R91: <1 year | S91: =IFERROR(VLOOKUP(H91, Level_Map!A:B, 2, FALSE), "") -> L3 | T91: =IFERROR(VLOOKUP(I91, Function_BU_Map!A:B, 2, FALSE), "") -> Ops | U91: =IF(G91="Working","Active","Exited") -> Active | V91: ="Q"&ROUNDUP(MONTH(C91)/3,0)&" "&YEAR(C91) -> Q2 2025 | W91: =IF(O91="","", "Q"&ROUNDUP(MONTH(O91)/3,0)&" "&YEAR(O91)) | X91: =IF(P91="","",YEAR(C91)) -> 2025
A92: EP1090 | B92: Employee 91 | C92: 45439 | D92: ep1090@example.com | E92: Male | F92: Permanent | G92: Relieved | H92: Manager | I92: CX | J92: Ops Excellence | K92: Quality | M92: Mgr 5 | N92: Lead 9 | O92: 45928 | P92: May 2024 | Q92: Sep 2025 | R92: 1–2 years | S92: =IFERROR(VLOOKUP(H92, Level_Map!A:B, 2, FALSE), "") -> L5 | T92: =IFERROR(VLOOKUP(I92, Function_BU_Map!A:B, 2, FALSE), "") -> Ops | U92: =IF(G92="Working","Active","Exited") -> Exited | V92: ="Q"&ROUNDUP(MONTH(C92)/3,0)&" "&YEAR(C92) -> Q2 2024 | W92: =IF(O92="","", "Q"&ROUNDUP(MONTH(O92)/3,0)&" "&YEAR(O92)) -> Q3 2025 | X92: =IF(P92="","",YEAR(C92)) -> 2024
A93: EP1091 | B93: Employee 92 | C93: 45757 | D93: ep1091@example.com | E93: Female | F93: Permanent | G93: Working | H93: Associate | I93: CX | J93: Banking | K93: Training | M93: Mgr 12 | N93: Lead 18 | P93: Apr 2025 | R93: <1 year | S93: =IFERROR(VLOOKUP(H93, Level_Map!A:B, 2, FALSE), "") -> L3 | T93: =IFERROR(VLOOKUP(I93, Function_BU_Map!A:B, 2, FALSE), "") -> Ops | U93: =IF(G93="Working","Active","Exited") -> Active | V93: ="Q"&ROUNDUP(MONTH(C93)/3,0)&" "&YEAR(C93) -> Q2 2025 | W93: =IF(O93="","", "Q"&ROUNDUP(MONTH(O93)/3,0)&" "&YEAR(O93)) | X93: =IF(P93="","",YEAR(C93)) -> 2025
A94: EP1092 | B94: Employee 93 | C94: 45379 | D94: ep1092@example.com | E94: Male | F94: Permanent | G94: Working | H94: Director | I94: Data | J94: Banking | K94: Data Science | M94: Mgr 8 | N94: Lead 11 | P94: Mar 2024 | R94: 1–2 years | S94: =IFERROR(VLOOKUP(H94, Level_Map!A:B, 2, FALSE), "") -> L7 | T94: =IFERROR(VLOOKUP(I94, Function_BU_Map!A:B, 2, FALSE), "") -> Tech | U94: =IF(G94="Working","Active","Exited") -> Active | V94: ="Q"&ROUNDUP(MONTH(C94)/3,0)&" "&YEAR(C94) -> Q1 2024 | W94: =IF(O94="","", "Q"&ROUNDUP(MONTH(O94)/3,0)&" "&YEAR(O94)) | X94: =IF(P94="","",YEAR(C94)) -> 2024
A95: EP1093 | B95: Employee 94 | C95: 45303 | D95: ep1093@example.com | E95: Female | F95: Permanent | G95: Working | H95: Senior Manager | I95: Engineering | J95: Ops Excellence | K95: Backend | M95: Mgr 4 | N95: Lead 13 | P95: Jan 2024 | R95: 1–2 years | S95: =IFERROR(VLOOKUP(H95, Level_Map!A:B, 2, FALSE), "") -> L6 | T95: =IFERROR(VLOOKUP(I95, Function_BU_Map!A:B, 2, FALSE), "") -> Tech | U95: =IF(G95="Working","Active","Exited") -> Active | V95: ="Q"&ROUNDUP(MONTH(C95)/3,0)&" "&YEAR(C95) -> Q1 2024 | W95: =IF(O95="","", "Q"&ROUNDUP(MONTH(O95)/3,0)&" "&YEAR(O95)) | X95: =IF(P95="","",YEAR(C95)) -> 2024
A96: EP1094 | B96: Employee 95 | C96: 45011 | D96: ep1094@example.com | E96: Female | F96: Permanent | G96: Working | H96: Manager | I96: CX | J96: Banking | K96: Quality | M96: Mgr 15 | N96: Lead 1 | P96: Mar 2023 | R96: 2–4 years | S96: =IFERROR(VLOOKUP(H96, Level_Map!A:B, 2, FALSE), "") -> L5 | T96: =IFERROR(VLOOKUP(I96, Function_BU_Map!A:B, 2, FALSE), "") -> Ops | U96: =IF(G96="Working","Active","Exited") -> Active | V96: ="Q"&ROUNDUP(MONTH(C96)/3,0)&" "&YEAR(C96) -> Q1 2023 | W96: =IF(O96="","", "Q"&ROUNDUP(MONTH(O96)/3,0)&" "&YEAR(O96)) | X96: =IF(P96="","",YEAR(C96)) -> 2023
A97: EP1095 | B97: Employee 96 | C97: 44845 | D97: ep1095@example.com | E97: Male | F97: Consultant | G97: Working | H97: Director | I97: Product | J97: Ops Excellence | K97: Design | M97: Mgr 19 | N97: Lead 6 | P97: Oct 2022 | R97: 2–4 years | S97: =IFERROR(VLOOKUP(H97, Level_Map!A:B, 2, FALSE), "") -> L7 | T97: =IFERROR(VLOOKUP(I97, Function_BU_Map!A:B, 2, FALSE), "") -> Tech | U97: =IF(G97="Working","Active","Exited") -> Active | V97: ="Q"&ROUNDUP(MONTH(C97)/3,0)&" "&YEAR(C97) -> Q4 2022 | W97: =IF(O97="","", "Q"&ROUNDUP(MONTH(O97)/3,0)&" "&YEAR(O97)) | X97: =IF(P97="","",YEAR(C97)) -> 2022
A98: EP1096 | B98: Employee 97 | C98: 45605 | D98: ep1096@example.com | E98: Female | F98: Permanent | G98: Working | H98: Senior Associate | I98: Product | J98: Ops Excellence | K98: Research | M98: Mgr 4 | N98: Lead 6 | P98: Nov 2024 | R98: <1 year | S98: =IFERROR(VLOOKUP(H98, Level_Map!A:B, 2, FALSE), "") -> L4 | T98: =IFERROR(VLOOKUP(I98, Function_BU_Map!A:B, 2, FALSE), "") -> Tech | U98: =IF(G98="Working","Active","Exited") -> Active | V98: ="Q"&ROUNDUP(MONTH(C98)/3,0)&" "&YEAR(C98) -> Q4 2024 | W98: =IF(O98="","", "Q"&ROUNDUP(MONTH(O98)/3,0)&" "&YEAR(O98)) | X98: =IF(P98="","",YEAR(C98)) -> 2024
A99: EP1097 | B99: Employee 98 | C99: 45572 | D99: ep1097@example.com | E99: Female | F99: Permanent | G99: Working | H99: Senior Analyst | I99: Marketing | J99: Growth | K99: Performance | M99: Mgr 5 | N99: Lead 10 | P99: Oct 2024 | R99: 1–2 years | S99: =IFERROR(VLOOKUP(H99, Level_Map!A:B, 2, FALSE), "") -> L2 | T99: =IFERROR(VLOOKUP(I99, Function_BU_Map!A:B, 2, FALSE), "") -> Growth | U99: =IF(G99="Working","Active","Exited") -> Active | V99: ="Q"&ROUNDUP(MONTH(C99)/3,0)&" "&YEAR(C99) -> Q4 2024 | W99: =IF(O99="","", "Q"&ROUNDUP(MONTH(O99)/3,0)&" "&YEAR(O99)) | X99: =IF(P99="","",YEAR(C99)) -> 2024
A100: EP1098 | B100: Employee 99 | C100: 44748 | D100: ep1098@example.com | E100: Male | F100: Intern | G100: Working | H100: Analyst | I100: Engineering | J100: Ops Excellence | K100: QA | M100: Mgr 8 | N100: Lead 5 | P100: Jul 2022 | R100: 2–4 years | S100: =IFERROR(VLOOKUP(H100, Level_Map!A:B, 2, FALSE), "") -> L1 | T100: =IFERROR(VLOOKUP(I100, Function_BU_Map!A:B, 2, FALSE), "") -> Tech | U100: =IF(G100="Working","Active","Exited") -> Active | V100: ="Q"&ROUNDUP(MONTH(C100)/3,0)&" "&YEAR(C100) -> Q3 2022 | W100: =IF(O100="","", "Q"&ROUNDUP(MONTH(O100)/3,0)&" "&YEAR(O100)) | X100: =IF(P100="","",YEAR(C100)) -> 2022
...

Sheet Employees
A1: Emp ID | B1: Full name | C1: Date of joining | D1: Email | E1: Gender | F1: Emp type | G1: Emp status | H1: Designation | I1: Function | J1: Team | K1: Department | L1: Sub department | M1: Reporting manager | N1: Lead POC | O1: Exit date | P1: Joining month | Q1: Exit month | R1: Tenure bracket
A2: EP1000 | B2: Employee 1 | C2: 45871 | D2: ep1000@example.com | E2: Male | F2: Contractor | G2: Relieved | H2: Senior Analyst | I2: Finance | J2: Ops Excellence | K2: FP&A | M2: Mgr 11 | N2: Lead 11 | O2: 45908 | P2: Aug 2025 | Q2: Sep 2025 | R2: <1 year
A3: EP1001 | B3: Employee 2 | C3: 44613 | D3: ep1001@example.com | E3: Female | F3: Permanent | G3: Working | H3: Senior Director | I3: Finance | J3: Ops Excellence | K3: Payroll | M3: Mgr 6 | N3: Lead 2 | P3: Feb 2022 | R3: 2–4 years
A4: EP1002 | B4: Employee 3 | C4: 45125 | D4: ep1002@example.com | E4: Male | F4: Permanent | G4: Working | H4: Associate | I4: Product | J4: Ops Excellence | K4: Design | M4: Mgr 10 | N4: Lead 16 | P4: Jul 2023 | R4: 2–4 years
A5: EP1003 | B5: Employee 4 | C5: 45063 | D5: ep1003@example.com | E5: Male | F5: Permanent | G5: Relieved | H5: Senior Associate | I5: Risk | J5: Wealth | K5: Collections | M5: Mgr 19 | N5: Lead 7 | O5: 45321 | P5: May 2023 | Q5: Jan 2024 | R5: <1 year
A6: EP1004 | B6: Employee 5 | C6: 44847 | D6: ep1004@example.com | E6: Male | F6: Permanent | G6: Relieved | H6: Associate | I6: Data | J6: Lending | K6: Data Eng | M6: Mgr 2 | N6: Lead 20 | O6: 45086 | P6: Oct 2022 | Q6: Jun 2023 | R6: <1 year
A7: EP1005 | B7: Employee 6 | C7: 45678 | D7: ep1005@example.com | E7: Male | F7: Permanent | G7: Working | H7: Director | I7: CX | J7: Banking | K7: Training | M7: Mgr 8 | N7: Lead 4 | P7: Jan 2025 | R7: <1 year
A8: EP1006 | B8: Employee 7 | C8: 44740 | D8: ep1006@example.com | E8: Male | F8: Permanent | G8: Working | H8: Senior Director | I8: CX | J8: Ops Excellence | K8: Quality | M8: Mgr 2 | N8: Lead 10 | P8: Jun 2022 | R8: 2–4 years
A9: EP1007 | B9: Employee 8 | C9: 45771 | D9: ep1007@example.com | E9: Female | F9: Permanent | G9: Working | H9: Analyst | I9: HR | J9: Wealth | K9: Talent Acquisition | M9: Mgr 16 | N9: Lead 13 | P9: Apr 2025 | R9: <1 year
A10: EP1008 | B10: Employee 9 | C10: 45426 | D10: ep1008@example.com | E10: Male | F10: Intern | G10: Relieved | H10: Associate | I10: Product | J10: Cards | K10: Product Mgmt | M10: Mgr 7 | N10: Lead 9 | O10: 45472 | P10: May 2024 | Q10: Jun 2024 | R10: <1 year
A11: EP1009 | B11: Employee 10 | C11: 44623 | D11: ep1009@example.com | E11: Female | F11: Permanent | G11: Working | H11: Manager | I11: Engineering | J11: Banking | K11: Platform | M11: Mgr 1 | N11: Lead 5 | P11: Mar 2022 | R11: 2–4 years
A12: EP1010 | B12: Employee 11 | C12: 44753 | D12: ep1010@example.com | E12: Female | F12: Permanent | G12: Relieved | H12: Associate | I12: HR | J12: Wealth | K12: People Ops | M12: Mgr 5 | N12: Lead 3 | O12: 45230 | P12: Jul 2022 | Q12: Oct 2023 | R12: 1–2 years
A13: EP1011 | B13: Employee 12 | C13: 45038 | D13: ep1011@example.com | E13: Female | F13: Permanent | G13: Working | H13: Senior Director | I13: CX | J13: Ops Excellence | K13: Training | M13: Mgr 5 | N13: Lead 23 | P13: Apr 2023 | R13: 2–4 years
A14: EP1012 | B14: Employee 13 | C14: 45596 | D14: ep1012@example.com | E14: Female | F14: Permanent | G14: Relieved | H14: Analyst | I14: CX | J14: Lending | K14: Training | M14: Mgr 7 | N14: Lead 17 | O14: 45934 | P14: Oct 2024 | Q14: Oct 2025 | R14: <1 year
A15: EP1013 | B15: Employee 14 | C15: 44616 | D15: ep1013@example.com | E15: Male | F15: Permanent | G15: Relieved | H15: Senior Associate | I15: HR | J15: Ops Excellence | K15: L&D | M15: Mgr 13 | N15: Lead 7 | O15: 45795 | P15: Feb 2022 | Q15: May 2025 | R15: 2–4 years
A16: EP1014 | B16: Employee 15 | C16: 44969 | D16: ep1014@example.com | E16: Male | F16: Permanent | G16: Working | H16: Manager | I16: HR | J16: Growth | K16: People Ops | M16: Mgr 12 | N16: Lead 12 | P16: Feb 2023 | R16: 2–4 years
A17: EP1015 | B17: Employee 16 | C17: 45892 | D17: ep1015@example.com | E17: Male | F17: Consultant | G17: Working | H17: Associate | I17: Product | J17: Wealth | K17: Research | M17: Mgr 1 | N17: Lead 20 | P17: Aug 2025 | R17: <1 year
A18: EP1016 | B18: Employee 17 | C18: 45678 | D18: ep1016@example.com | E18: Male | F18: Permanent | G18: Working | H18: Senior Associate | I18: Engineering | J18: Cards | K18: Platform | M18: Mgr 10 | N18: Lead 12 | P18: Jan 2025 | R18: <1 year
A19: EP1017 | B19: Employee 18 | C19: 45421 | D19: ep1017@example.com | E19: Male | F19: Permanent | G19: Relieved | H19: Associate | I19: Engineering | J19: Cards | K19: QA | M19: Mgr 12 | N19: Lead 7 | O19: 45563 | P19: May 2024 | Q19: Sep 2024 | R19: <1 year
A20: EP1018 | B20: Employee 19 | C20: 45481 | D20: ep1018@example.com | E20: Male | F20: Permanent | G20: Working | H20: Manager | I20: Product | J20: Banking | K20: Product Mgmt | M20: Mgr 5 | N20: Lead 1 | P20: Jul 2024 | R20: 1–2 years
A21: EP1019 | B21: Employee 20 | C21: 45768 | D21: ep1019@example.com | E21: Female | F21: Permanent | G21: Working | H21: Senior Analyst | I21: CX | J21: Growth | K21: Quality | M21: Mgr 11 | N21: Lead 24 | P21: Apr 2025 | R21: <1 year
A22: EP1020 | B22: Employee 21 | C22: 45131 | D22: ep1020@example.com | E22: Male | F22: Permanent | G22: Working | H22: Associate | I22: Product | J22: Growth | K22: Design | M22: Mgr 16 | N22: Lead 1 | P22: Jul 2023 | R22: 2–4 years
A23: EP1021 | B23: Employee 22 | C23: 44575 | D23: ep1021@example.com | E23: Male | F23: Permanent | G23: Relieved | H23: Associate | I23: Finance | J23: Wealth | K23: Accounting | M23: Mgr 3 | N23: Lead 19 | O23: 44931 | P23: Jan 2022 | Q23: Jan 2023 | R23: <1 year
A24: EP1022 | B24: Employee 23 | C24: 45427 | D24: ep1022@example.com | E24: Male | F24: Permanent | G24: Working | H24: Senior Manager | I24: Data | J24: Lending | K24: Data Science | M24: Mgr 18 | N24: Lead 23 | P24: May 2024 | R24: 1–2 years
A25: EP1023 | B25: Employee 24 | C25: 45258 | D25: ep1023@example.com | E25: Male | F25: Permanent | G25: Working | H25: Senior Director | I25: Engineering | J25: Lending | K25: QA | M25: Mgr 17 | N25: Lead 2 | P25: Nov 2023 | R25: 1–2 years
A26: EP1024 | B26: Employee 25 | C26: 45131 | D26: ep1024@example.com | E26: Other | F26: Contractor | G26: Working | H26: Senior Analyst | I26: CX | J26: Cards | K26: Training | M26: Mgr 16 | N26: Lead 3 | P26: Jul 2023 | R26: 2–4 years
A27: EP1025 | B27: Employee 26 | C27: 44880 | D27: ep1025@example.com | E27: Female | F27: Permanent | G27: Working | H27: Senior Analyst | I27: HR | J27: Cards | K27: L&D | M27: Mgr 3 | N27: Lead 16 | P27: Nov 2022 | R27: 2–4 years
A28: EP1026 | B28: Employee 27 | C28: 45002 | D28: ep1026@example.com | E28: Male | F28: Permanent | G28: Working | H28: Senior Associate | I28: Engineering | J28: Growth | K28: QA | M28: Mgr 16 | N28: Lead 9 | P28: Mar 2023 | R28: 2–4 years
A29: EP1027 | B29: Employee 28 | C29: 45251 | D29: ep1027@example.com | E29: Male | F29: Permanent | G29: Working | H29: Manager | I29: CX | J29: Banking | K29: Training | M29: Mgr 12 | N29: Lead 19 | P29: Nov 2023 | R29: 1–2 years
A30: EP1028 | B30: Employee 29 | C30: 44771 | D30: ep1028@example.com | E30: Female | F30: Permanent | G30: Working | H30: Senior Associate | I30: CX | J30: Ops Excellence | K30: Quality | M30: Mgr 2 | N30: Lead 21 | P30: Jul 2022 | R30: 2–4 years
A31: EP1029 | B31: Employee 30 | C31: 44751 | D31: ep1029@example.com | E31: Male | F31: Permanent | G31: Working | H31: Manager | I31: CX | J31: Wealth | K31: Support | M31: Mgr 3 | N31: Lead 17 | P31: Jul 2022 | R31: 2–4 years
A32: EP1030 | B32: Employee 31 | C32: 45340 | D32: ep1030@example.com | E32: Male | F32: Contractor | G32: Working | H32: Director | I32: CX | J32: Ops Excellence | K32: Quality | M32: Mgr 5 | N32: Lead 24 | P32: Feb 2024 | R32: 1–2 years
A33: EP1031 | B33: Employee 32 | C33: 44760 | D33: ep1031@example.com | E33: Male | F33: Permanent | G33: Working | H33: Associate | I33: CX | J33: Wealth | K33: Support | M33: Mgr 1 | N33: Lead 3 | P33: Jul 2022 | R33: 2–4 years
A34: EP1032 | B34: Employee 33 | C34: 45297 | D34: ep1032@example.com | E34: Male | F34: Permanent | G34: Relieved | H34: Senior Associate | I34: Data | J34: Banking | K34: Data Eng | M34: Mgr 15 | N34: Lead 22 | O34: 45679 | P34: Jan 2024 | Q34: Jan 2025 | R34: 1–2 years
A35: EP1033 | B35: Employee 34 | C35: 45798 | D35: ep1033@example.com | E35: Male | F35: Permanent | G35: Relieved | H35: Senior Manager | I35: Product | J35: Cards | K35: Design | M35: Mgr 16 | N35: Lead 7 | O35: 45861 | P35: May 2025 | Q35: Jul 2025 | R35: <1 year
A36: EP1034 | B36: Employee 35 | C36: 44650 | D36: ep1034@example.com | E36: Male | F36: Intern | G36: Relieved | H36: Analyst | I36: Marketing | J36: Ops Excellence | K36: Performance | M36: Mgr 4 | N36: Lead 13 | O36: 45620 | P36: Mar 2022 | Q36: Nov 2024 | R36: 2–4 years
A37: EP1035 | B37: Employee 36 | C37: 45660 | D37: ep1035@example.com | E37: Male | F37: Permanent | G37: Relieved | H37: Director | I37: Product | J37: Wealth | K37: Design | M37: Mgr 2 | N37: Lead 2 | O37: 45753 | P37: Jan 2025 | Q37: Apr 2025 | R37: <1 year
A38: EP1036 | B38: Employee 37 | C38: 45337 | D38: ep1036@example.com | E38: Male | F38: Permanent | G38: Working | H38: Associate | I38: Product | J38: Growth | K38: Design | M38: Mgr 17 | N38: Lead 20 | P38: Feb 2024 | R38: 1–2 years
A39: EP1037 | B39: Employee 38 | C39: 44723 | D39: ep1037@example.com | E39: Male | F39: Permanent | G39: Working | H39: Senior Manager | I39: CX | J39: Cards | K39: Support | M39: Mgr 12 | N39: Lead 5 | P39: Jun 2022 | R39: 2–4 years
A40: EP1038 | B40: Employee 39 | C40: 45692 | D40: ep1038@example.com | E40: Male | F40: Intern | G40: Working | H40: Manager | I40: Engineering | J40: Banking | K40: Frontend | M40: Mgr 13 | N40: Lead 18 | P40: Feb 2025 | R40: <1 year
A41: EP1039 | B41: Employee 40 | C41: 45162 | D41: ep1039@example.com | E41: Male | F41: Permanent | G41: Relieved | H41: Associate | I41: Marketing | J41: Banking | K41: Content | M41: Mgr 5 | N41: Lead 21 | O41: 45835 | P41: Aug 2023 | Q41: Jun 2025 | R41: 1–2 years
A42: EP1040 | B42: Employee 41 | C42: 45828 | D42: ep1040@example.com | E42: Male | F42: Permanent | G42: Working | H42: Director | I42: Risk | J42: Lending | K42: Underwriting | M42: Mgr 16 | N42: Lead 8 | P42: Jun 2025 | R42: <1 year
A43: EP1041 | B43: Employee 42 | C43: 45302 | D43: ep1041@example.com | E43: Female | F43: Permanent | G43: Working | H43: Manager | I43: CX | J43: Ops Excellence | K43: Training | M43: Mgr 12 | N43: Lead 16 | P43: Jan 2024 | R43: 1–2 years
A44: EP1042 | B44: Employee 43 | C44: 45744 | D44: ep1042@example.com | E44: Male | F44: Permanent | G44: Working | H44: Associate | I44: Product | J44: Cards | K44: Product Mgmt | M44: Mgr 5 | N44: Lead 12 | P44: Mar 2025 | R44: <1 year
A45: EP1043 | B45: Employee 44 | C45: 44955 | D45: ep1043@example.com | E45: Male | F45: Permanent | G45: Working | H45: Associate | I45: Marketing | J45: Growth | K45: Performance | M45: Mgr 10 | N45: Lead 22 | P45: Jan 2023 | R45: 2–4 years
A46: EP1044 | B46: Employee 45 | C46: 44704 | D46: ep1044@example.com | E46: Female | F46: Permanent | G46: Working | H46: Senior Associate | I46: Product | J46: Banking | K46: Design | M46: Mgr 5 | N46: Lead 13 | P46: May 2022 | R46: 2–4 years
A47: EP1045 | B47: Employee 46 | C47: 44655 | D47: ep1045@example.com | E47: Male | F47: Permanent | G47: Working | H47: Senior Associate | I47: Risk | J47: Wealth | K47: Underwriting | M47: Mgr 12 | N47: Lead 18 | P47: Apr 2022 | R47: 2–4 years
A48: EP1046 | B48: Employee 47 | C48: 45916 | D48: ep1046@example.com | E48: Male | F48: Permanent | G48: Working | H48: Manager | I48: Marketing | J48: Ops Excellence | K48: Content | M48: Mgr 8 | N48: Lead 10 | P48: Sep 2025 | R48: <1 year
A49: EP1047 | B49: Employee 48 | C49: 45028 | D49: ep1047@example.com | E49: Male | F49: Permanent | G49: Working | H49: Analyst | I49: Engineering | J49: Lending | K49: Frontend | M49: Mgr 17 | N49: Lead 8 | P49: Apr 2023 | R49: 2–4 years
A50: EP1048 | B50: Employee 49 | C50: 45154 | D50: ep1048@example.com | E50: Male | F50: Permanent | G50: Working | H50: Senior Associate | I50: Product | J50: Cards | K50: Research | M50: Mgr 18 | N50: Lead 13 | P50: Aug 2023 | R50: 2–4 years
A51: EP1049 | B51: Employee 50 | C51: 44725 | D51: ep1049@example.com | E51: Female | F51: Permanent | G51: Working | H51: Senior Associate | I51: Product | J51: Cards | K51: Product Mgmt | M51: Mgr 3 | N51: Lead 17 | P51: Jun 2022 | R51: 2–4 years
A52: EP1050 | B52: Employee 51 | C52: 45038 | D52: ep1050@example.com | E52: Female | F52: Permanent | G52: Relieved | H52: Senior Associate | I52: Engineering | J52: Growth | K52: QA | M52: Mgr 13 | N52: Lead 23 | O52: 45171 | P52: Apr 2023 | Q52: Sep 2023 | R52: <1 year
A53: EP1051 | B53: Employee 52 | C53: 45340 | D53: ep1051@example.com | E53: Female | F53: Permanent | G53: Working | H53: Senior Manager | I53: HR | J53: Wealth | K53: Talent Acquisition | M53: Mgr 19 | N53: Lead 17 | P53: Feb 2024 | R53: 1–2 years
A54: EP1052 | B54: Employee 53 | C54: 45131 | D54: ep1052@example.com | E54: Male | F54: Contractor | G54: Working | H54: Director | I54: Marketing | J54: Wealth | K54: Performance | M54: Mgr 19 | N54: Lead 15 | P54: Jul 2023 | R54: 2–4 years
A55: EP1053 | B55: Employee 54 | C55: 45490 | D55: ep1053@example.com | E55: Male | F55: Permanent | G55: Working | H55: Manager | I55: CX | J55: Ops Excellence | K55: Training | M55: Mgr 7 | N55: Lead 13 | P55: Jul 2024 | R55: 1–2 years
A56: EP1054 | B56: Employee 55 | C56: 45863 | D56: ep1054@example.com | E56: Female | F56: Contractor | G56: Working | H56: Manager | I56: Data | J56: Ops Excellence | K56: Data Eng | M56: Mgr 11 | N56: Lead 18 | P56: Jul 2025 | R56: <1 year
A57: EP1055 | B57: Employee 56 | C57: 45309 | D57: ep1055@example.com | E57: Female | F57: Permanent | G57: Working | H57: Senior Manager | I57: Marketing | J57: Ops Excellence | K57: Performance | M57: Mgr 8 | N57: Lead 10 | P57: Jan 2024 | R57: 1–2 years
A58: EP1056 | B58: Employee 57 | C58: 44895 | D58: ep1056@example.com | E58: Male | F58: Consultant | G58: Working | H58: Senior Analyst | I58: Engineering | J58: Ops Excellence | K58: Backend | M58: Mgr 13 | N58: Lead 1 | P58: Nov 2022 | R58: 2–4 years
A59: EP1057 | B59: Employee 58 | C59: 45320 | D59: ep1057@example.com | E59: Female | F59: Permanent | G59: Working | H59: Associate | I59: HR | J59: Wealth | K59: People Ops | M59: Mgr 19 | N59: Lead 12 | P59: Jan 2024 | R59: 1–2 years
A60: EP1058 | B60: Employee 59 | C60: 45289 | D60: ep1058@example.com | E60: Male | F60: Permanent | G60: Relieved | H60: Senior Associate | I60: HR | J60: Growth | K60: L&D | M60: Mgr 8 | N60: Lead 9 | O60: 45533 | P60: Dec 2023 | Q60: Aug 2024 | R60: <1 year
A61: EP1059 | B61: Employee 60 | C61: 45108 | D61: ep1059@example.com | E61: Female | F61: Permanent | G61: Working | H61: Associate | I61: Engineering | J61: Wealth | K61: Backend | M61: Mgr 6 | N61: Lead 21 | P61: Jul 2023 | R61: 2–4 years
A62: EP1060 | B62: Employee 61 | C62: 45889 | D62: ep1060@example.com | E62: Female | F62: Permanent | G62: Working | H62: Analyst | I62: Data | J62: Ops Excellence | K62: Analytics | M62: Mgr 5 | N62: Lead 4 | P62: Aug 2025 | R62: <1 year
A63: EP1061 | B63: Employee 62 | C63: 44708 | D63: ep1061@example.com | E63: Male | F63: Contractor | G63: Working | H63: Manager | I63: CX | J63: Cards | K63: Support | M63: Mgr 3 | N63: Lead 16 | P63: May 2022 | R63: 2–4 years
A64: EP1062 | B64: Employee 63 | C64: 45809 | D64: ep1062@example.com | E64: Female | F64: Consultant | G64: Working | H64: Analyst | I64: Data | J64: Wealth | K64: Data Eng | M64: Mgr 4 | N64: Lead 8 | P64: Jun 2025 | R64: <1 year
A65: EP1063 | B65: Employee 64 | C65: 45862 | D65: ep1063@example.com | E65: Male | F65: Permanent | G65: Working | H65: Senior Director | I65: Engineering | J65: Wealth | K65: Backend | M65: Mgr 17 | N65: Lead 9 | P65: Jul 2025 | R65: <1 year
A66: EP1064 | B66: Employee 65 | C66: 44912 | D66: ep1064@example.com | E66: Male | F66: Intern | G66: Working | H66: Director | I66: Risk | J66: Ops Excellence | K66: Underwriting | M66: Mgr 18 | N66: Lead 19 | P66: Dec 2022 | R66: 2–4 years
A67: EP1065 | B67: Employee 66 | C67: 45655 | D67: ep1065@example.com | E67: Female | F67: Permanent | G67: Relieved | H67: Senior Associate | I67: Product | J67: Lending | K67: Design | M67: Mgr 1 | N67: Lead 22 | O67: 45810 | P67: Dec 2024 | Q67: Jun 2025 | R67: <1 year
A68: EP1066 | B68: Employee 67 | C68: 44896 | D68: ep1066@example.com | E68: Female | F68: Contractor | G68: Working | H68: Associate | I68: Engineering | J68: Lending | K68: Backend | M68: Mgr 17 | N68: Lead 13 | P68: Dec 2022 | R68: 2–4 years
A69: EP1067 | B69: Employee 68 | C69: 45508 | D69: ep1067@example.com | E69: Male | F69: Permanent | G69: Working | H69: Manager | I69: Engineering | J69: Growth | K69: Backend | M69: Mgr 5 | N69: Lead 6 | P69: Aug 2024 | R69: 1–2 years
A70: EP1068 | B70: Employee 69 | C70: 45339 | D70: ep1068@example.com | E70: Female | F70: Permanent | G70: Relieved | H70: Associate | I70: Finance | J70: Lending | K70: Payroll | M70: Mgr 9 | N70: Lead 14 | O70: 45645 | P70: Feb 2024 | Q70: Dec 2024 | R70: <1 year
A71: EP1069 | B71: Employee 70 | C71: 45872 | D71: ep1069@example.com | E71: Male | F71: Permanent | G71: Relieved | H71: Manager | I71: Engineering | J71: Cards | K71: Backend | M71: Mgr 8 | N71: Lead 7 | O71: 45946 | P71: Aug 2025 | Q71: Oct 2025 | R71: <1 year
A72: EP1070 | B72: Employee 71 | C72: 45702 | D72: ep1070@example.com | E72: Female | F72: Permanent | G72: Working | H72: Senior Manager | I72: Marketing | J72: Lending | K72: Content | M72: Mgr 5 | N72: Lead 17 | P72: Feb 2025 | R72: <1 year
A73: EP1071 | B73: Employee 72 | C73: 45011 | D73: ep1071@example.com | E73: Male | F73: Permanent | G73: Relieved | H73: Manager | I73: Finance | J73: Growth | K73: FP&A | M73: Mgr 6 | N73: Lead 2 | O73: 45742 | P73: Mar 2023 | Q73: Mar 2025 | R73: 2–4 years
A74: EP1072 | B74: Employee 73 | C74: 45226 | D74: ep1072@example.com | E74: Male | F74: Permanent | G74: Working | H74: Director | I74: Product | J74: Banking | K74: Research | M74: Mgr 6 | N74: Lead 1 | P74: Oct 2023 | R74: 1–2 years
A75: EP1073 | B75: Employee 74 | C75: 44676 | D75: ep1073@example.com | E75: Female | F75: Permanent | G75: Relieved | H75: Director | I75: Risk | J75: Cards | K75: Collections | M75: Mgr 17 | N75: Lead 10 | O75: 45175 | P75: Apr 2022 | Q75: Sep 2023 | R75: 1–2 years
A76: EP1074 | B76: Employee 75 | C76: 44627 | D76: ep1074@example.com | E76: Female | F76: Permanent | G76: Relieved | H76: Associate | I76: Engineering | J76: Ops Excellence | K76: Frontend | M76: Mgr 11 | N76: Lead 16 | O76: 45303 | P76: Mar 2022 | Q76: Jan 2024 | R76: 1–2 years
A77: EP1075 | B77: Employee 76 | C77: 45383 | D77: ep1075@example.com | E77: Male | F77: Permanent | G77: Working | H77: Analyst | I77: CX | J77: Banking | K77: Training | M77: Mgr 8 | N77: Lead 4 | P77: Apr 2024 | R77: 1–2 years
A78: EP1076 | B78: Employee 77 | C78: 45110 | D78: ep1076@example.com | E78: Male | F78: Consultant | G78: Relieved | H78: Manager | I78: CX | J78: Lending | K78: Support | M78: Mgr 5 | N78: Lead 18 | O78: 45207 | P78: Jul 2023 | Q78: Oct 2023 | R78: <1 year
A79: EP1077 | B79: Employee 78 | C79: 44994 | D79: ep1077@example.com | E79: Male | F79: Permanent | G79: Relieved | H79: Senior Associate | I79: Engineering | J79: Ops Excellence | K79: Backend | M79: Mgr 2 | N79: Lead 17 | O79: 45604 | P79: Mar 2023 | Q79: Nov 2024 | R79: 1–2 years
A80: EP1078 | B80: Employee 79 | C80: 45206 | D80: ep1078@example.com | E80: Male | F80: Permanent | G80: Working | H80: Manager | I80: Engineering | J80: Cards | K80: Backend | M80: Mgr 11 | N80: Lead 16 | P80: Oct 2023 | R80: 2–4 years
A81: EP1079 | B81: Employee 80 | C81: 44997 | D81: ep1079@example.com | E81: Male | F81: Permanent | G81: Relieved | H81: Senior Analyst | I81: Marketing | J81: Banking | K81: Performance | M81: Mgr 14 | N81: Lead 23 | O81: 45698 | P81: Mar 2023 | Q81: Feb 2025 | R81: 1–2 years
A82: EP1080 | B82: Employee 81 | C82: 45584 | D82: ep1080@example.com | E82: Male | F82: Permanent | G82: Working | H82: Manager | I82: Engineering | J82: Banking | K82: Platform | M82: Mgr 14 | N82: Lead 11 | P82: Oct 2024 | R82: <1 year
A83: EP1081 | B83: Employee 82 | C83: 45372 | D83: ep1081@example.com | E83: Male | F83: Permanent | G83: Working | H83: Senior Analyst | I83: CX | J83: Banking | K83: Training | M83: Mgr 5 | N83: Lead 10 | P83: Mar 2024 | R83: 1–2 years
A84: EP1082 | B84: Employee 83 | C84: 45878 | D84: ep1082@example.com | E84: Male | F84: Intern | G84: Working | H84: Senior Analyst | I84: Engineering | J84: Wealth | K84: Frontend | M84: Mgr 4 | N84: Lead 10 | P84: Aug 2025 | R84: <1 year
A85: EP1083 | B85: Employee 84 | C85: 45501 | D85: ep1083@example.com | E85: Female | F85: Permanent | G85: Working | H85: Senior Associate | I85: Engineering | J85: Growth | K85: Platform | M85: Mgr 17 | N85: Lead 12 | P85: Jul 2024 | R85: 1–2 years
A86: EP1084 | B86: Employee 85 | C86: 44854 | D86: ep1084@example.com | E86: Male | F86: Permanent | G86: Working | H86: Senior Analyst | I86: Product | J86: Lending | K86: Design | M86: Mgr 6 | N86: Lead 5 | P86: Oct 2022 | R86: 2–4 years
A87: EP1085 | B87: Employee 86 | C87: 45104 | D87: ep1085@example.com | E87: Female | F87: Permanent | G87: Relieved | H87: Senior Manager | I87: Engineering | J87: Wealth | K87: Frontend | M87: Mgr 9 | N87: Lead 23 | O87: 45276 | P87: Jun 2023 | Q87: Dec 2023 | R87: <1 year
A88: EP1086 | B88: Employee 87 | C88: 45067 | D88: ep1086@example.com | E88: Male | F88: Permanent | G88: Working | H88: Associate | I88: Finance | J88: Growth | K88: Accounting | M88: Mgr 4 | N88: Lead 15 | P88: May 2023 | R88: 2–4 years
A89: EP1087 | B89: Employee 88 | C89: 45711 | D89: ep1087@example.com | E89: Female | F89: Permanent | G89: Working | H89: Director | I89: Engineering | J89: Growth | K89: Platform | M89: Mgr 8 | N89: Lead 19 | P89: Feb 2025 | R89: <1 year
A90: EP1088 | B90: Employee 89 | C90: 45665 | D90: ep1088@example.com | E90: Female | F90: Permanent | G90: Relieved | H90: Senior Associate | I90: Data | J90: Wealth | K90: Data Science | M90: Mgr 15 | N90: Lead 1 | O90: 45762 | P90: Jan 2025 | Q90: Apr 2025 | R90: <1 year
A91: EP1089 | B91: Employee 90 | C91: 45759 | D91: ep1089@example.com | E91: Female | F91: Permanent | G91: Working | H91: Associate | I91: CX | J91: Wealth | K91: Training | M91: Mgr 6 | N91: Lead 18 | P91: Apr 2025 | R91: <1 year
A92: EP1090 | B92: Employee 91 | C92: 45439 | D92: ep1090@example.com | E92: Male | F92: Permanent | G92: Relieved | H92: Manager | I92: CX | J92: Ops Excellence | K92: Quality | M92: Mgr 5 | N92: Lead 9 | O92: 45928 | P92: May 2024 | Q92: Sep 2025 | R92: 1–2 years
A93: EP1091 | B93: Employee 92 | C93: 45757 | D93: ep1091@example.com | E93: Female | F93: Permanent | G93: Working | H93: Associate | I93: CX | J93: Banking | K93: Training | M93: Mgr 12 | N93: Lead 18 | P93: Apr 2025 | R93: <1 year
A94: EP1092 | B94: Employee 93 | C94: 45379 | D94: ep1092@example.com | E94: Male | F94: Permanent | G94: Working | H94: Director | I94: Data | J94: Banking | K94: Data Science | M94: Mgr 8 | N94: Lead 11 | P94: Mar 2024 | R94: 1–2 years
A95: EP1093 | B95: Employee 94 | C95: 45303 | D95: ep1093@example.com | E95: Female | F95: Permanent | G95: Working | H95: Senior Manager | I95: Engineering | J95: Ops Excellence | K95: Backend | M95: Mgr 4 | N95: Lead 13 | P95: Jan 2024 | R95: 1–2 years
A96: EP1094 | B96: Employee 95 | C96: 45011 | D96: ep1094@example.com | E96: Female | F96: Permanent | G96: Working | H96: Manager | I96: CX | J96: Banking | K96: Quality | M96: Mgr 15 | N96: Lead 1 | P96: Mar 2023 | R96: 2–4 years
A97: EP1095 | B97: Employee 96 | C97: 44845 | D97: ep1095@example.com | E97: Male | F97: Consultant | G97: Working | H97: Director | I97: Product | J97: Ops Excellence | K97: Design | M97: Mgr 19 | N97: Lead 6 | P97: Oct 2022 | R97: 2–4 years
A98: EP1096 | B98: Employee 97 | C98: 45605 | D98: ep1096@example.com | E98: Female | F98: Permanent | G98: Working | H98: Senior Associate | I98: Product | J98: Ops Excellence | K98: Research | M98: Mgr 4 | N98: Lead 6 | P98: Nov 2024 | R98: <1 year
A99: EP1097 | B99: Employee 98 | C99: 45572 | D99: ep1097@example.com | E99: Female | F99: Permanent | G99: Working | H99: Senior Analyst | I99: Marketing | J99: Growth | K99: Performance | M99: Mgr 5 | N99: Lead 10 | P99: Oct 2024 | R99: 1–2 years
A100: EP1098 | B100: Employee 99 | C100: 44748 | D100: ep1098@example.com | E100: Male | F100: Intern | G100: Working | H100: Analyst | I100: Engineering | J100: Ops Excellence | K100: QA | M100: Mgr 8 | N100: Lead 5 | P100: Jul 2022 | R100: 2–4 years
...

Sheet Level_Map
A1: Designation | B1: Level_map
A2: Analyst | B2: L1
A3: Senior Analyst | B3: L2
A4: Associate | B4: L3
A5: Senior Associate | B5: L4
A6: Manager | B6: L5
A7: Senior Manager | B7: L6
A8: Director | B8: L7
A9: Senior Director | B9: L8

Sheet Function_BU_Map
A1: Function | B1: BU
A2: Engineering | B2: Tech
A3: Product | B3: Tech
A4: CX | B4: Ops
A5: Risk | B5: Risk
A6: Finance | B6: Corp
A7: Marketing | B7: Growth
A8: HR | B8: Corp
A9: Data | B9: Tech
